unique_id,column_name,issue_code,raw_value,issue_detail
-4424886305970430569,occupancy_or_vacancy_date,occupancy_after_signature,2025-12-01,reported occupancy date follows signature date
-4419786530950634574,occupancy_or_vacancy_date,occupancy_after_signature,2026-02-20,reported occupancy date follows signature date
-4423630037044113892,occupancy_or_vacancy_date,occupancy_after_signature,2023-06-16,reported occupancy date follows signature date
-4411066024029664720,occupancy_or_vacancy_date,occupancy_after_signature,2024-12-01,reported occupancy date follows signature date
-4403980488819807265,bedroom_count,unparseable_category,2S,retained as raw label
-4401600233307059199,occupancy_or_vacancy_date,occupancy_after_signature,2025-06-21,reported occupancy date follows signature date
-4395398978762045862,occupancy_or_vacancy_date,occupancy_after_signature,2024-03-01,reported occupancy date follows signature date
-4393259197560184125,occupancy_or_vacancy_date,occupancy_after_signature,2025-09-02,reported occupancy date follows signature date
-4413485995740039842,occupancy_or_vacancy_date,occupancy_after_signature,2024-08-15,reported occupancy date follows signature date
-4386406254578644428,signature_date,invalid_date,0001/01/01,invalid or outside accepted year range
-4397861835855044749,occupancy_or_vacancy_date,occupancy_after_signature,2024-03-01,reported occupancy date follows signature date
-4329933306095044607,occupancy_or_vacancy_date,occupancy_after_signature,2024-12-08,reported occupancy date follows signature date
-4376071575565037914,occupancy_or_vacancy_date,occupancy_after_signature,2026-04-27,reported occupancy date follows signature date
-4349492800099417655,occupancy_or_vacancy_date,occupancy_after_signature,2026-07-02,reported occupancy date follows signature date
-4320735244854949511,occupancy_or_vacancy_date,occupancy_after_signature,2023-04-01,reported occupancy date follows signature date
-4353871714681854030,occupancy_or_vacancy_date,occupancy_after_signature,2023-03-01,reported occupancy date follows signature date
-4302015300144573428,vacancy_date,invalid_date,0023/11/24,invalid or outside accepted year range
-4295785697877878687,occupancy_or_vacancy_date,occupancy_after_signature,2025-04-07,reported occupancy date follows signature date
-4310406642842620793,occupancy_or_vacancy_date,occupancy_after_signature,2024-02-01,reported occupancy date follows signature date
-4278000359551801254,occupancy_or_vacancy_date,occupancy_after_signature,2022-09-06,reported occupancy date follows signature date
-4254876523774022760,occupancy_or_vacancy_date,invalid_date,2586/09/21,invalid or outside accepted year range
-4281145574299265807,occupancy_or_vacancy_date,occupancy_after_signature,2026-08-01,reported occupancy date follows signature date
-4309967716903047393,vacancy_date,invalid_date,0023/08/31,invalid or outside accepted year range
-4307292972336749959,bedroom_count,unparseable_category,2S,retained as raw label
-4303378630974945783,occupancy_or_vacancy_date,occupancy_after_signature,2024-04-01,reported occupancy date follows signature date
-4269926141666166107,occupancy_or_vacancy_date,occupancy_after_signature,2023-07-07,reported occupancy date follows signature date
-4271338341587542970,signature_date,invalid_date,0001/01/01,invalid or outside accepted year range
-4245848821354391921,occupancy_or_vacancy_date,occupancy_after_signature,2025-02-01,reported occupancy date follows signature date
-4185388295145662893,occupancy_or_vacancy_date,occupancy_after_signature,2023-03-01,reported occupancy date follows signature date
-4225749805470480110,occupancy_or_vacancy_date,occupancy_after_signature,2023-08-01,reported occupancy date follows signature date
-4197519819022804084,occupancy_or_vacancy_date,occupancy_after_signature,2025-03-22,reported occupancy date follows signature date
-4192924363073484943,occupancy_or_vacancy_date,occupancy_after_signature,2026-02-01,reported occupancy date follows signature date
-4209564919322120935,occupancy_or_vacancy_date,occupancy_after_signature,2024-09-01,reported occupancy date follows signature date
-4217778988559021199,occupancy_or_vacancy_date,occupancy_after_signature,2023-04-15,reported occupancy date follows signature date
-4236592878882643442,signature_date,invalid_date,0001/01/01,invalid or outside accepted year range
-4235863073598888918,occupancy_or_vacancy_date,occupancy_after_signature,2025-02-15,reported occupancy date follows signature date
-4206879670115299851,occupancy_or_vacancy_date,occupancy_after_signature,2023-02-19,reported occupancy date follows signature date
-4150334910073669014,occupancy_or_vacancy_date,occupancy_after_signature,2024-03-01,reported occupancy date follows signature date
-4159468356756982267,occupancy_or_vacancy_date,occupancy_after_signature,2026-01-04,reported occupancy date follows signature date
-4128586166117481602,occupancy_or_vacancy_date,occupancy_after_signature,2025-03-07,reported occupancy date follows signature date
-4120467725824725948,occupancy_or_vacancy_date,invalid_date,2559/08/06,invalid or outside accepted year range
-4159079313693833897,occupancy_or_vacancy_date,occupancy_after_signature,2026-02-01,reported occupancy date follows signature date
-4132100892254293170,occupancy_or_vacancy_date,occupancy_after_signature,2024-03-01,reported occupancy date follows signature date
-4125697062544371591,occupancy_or_vacancy_date,occupancy_after_signature,2022-09-22,reported occupancy date follows signature date
-4124949797691658794,occupancy_or_vacancy_date,occupancy_after_signature,2024-11-08,reported occupancy date follows signature date
-4121310221060870702,occupancy_or_vacancy_date,occupancy_after_signature,2023-03-01,reported occupancy date follows signature date
-4117215954281708244,occupancy_or_vacancy_date,occupancy_after_signature,2022-07-15,reported occupancy date follows signature date
-4111241196097320256,signature_date,invalid_date,0001/01/01,invalid or outside accepted year range
-4154122581949420362,occupancy_or_vacancy_date,occupancy_after_signature,2022-12-27,reported occupancy date follows signature date
-4134412046746143766,occupancy_or_vacancy_date,occupancy_after_signature,2025-10-01,reported occupancy date follows signature date
-4139434329750998315,occupancy_or_vacancy_date,occupancy_after_signature,2024-04-16,reported occupancy date follows signature date
-4123656568908993966,occupancy_or_vacancy_date,occupancy_after_signature,2025-05-21,reported occupancy date follows signature date
-4103267196277719317,occupancy_or_vacancy_date,occupancy_after_signature,2023-03-07,reported occupancy date follows signature date
-4051320314115870214,occupancy_or_vacancy_date,occupancy_after_signature,2023-03-01,reported occupancy date follows signature date
-4078381038900971218,occupancy_or_vacancy_date,occupancy_after_signature,2022-07-01,reported occupancy date follows signature date
-4060416868636848986,occupancy_or_vacancy_date,occupancy_after_signature,2023-06-22,reported occupancy date follows signature date
-4079588933213754264,occupancy_or_vacancy_date,occupancy_after_signature,2023-03-01,reported occupancy date follows signature date
-4047410626139877303,occupancy_or_vacancy_date,occupancy_after_signature,2024-03-08,reported occupancy date follows signature date
-4088935275402260131,occupancy_or_vacancy_date,invalid_date,2559/11/01,invalid or outside accepted year range
-4057624668995760686,occupancy_or_vacancy_date,occupancy_after_signature,2023-02-28,reported occupancy date follows signature date
-4057362318797798419,occupancy_or_vacancy_date,occupancy_after_signature,2022-12-07,reported occupancy date follows signature date
-4091566647937219576,occupancy_or_vacancy_date,occupancy_after_signature,2023-04-01,reported occupancy date follows signature date
-4062043786846550994,occupancy_or_vacancy_date,occupancy_after_signature,2023-03-01,reported occupancy date follows signature date
-4049683992087496803,occupancy_or_vacancy_date,occupancy_after_signature,2025-12-30,reported occupancy date follows signature date
-4030607296453341282,occupancy_or_vacancy_date,occupancy_after_signature,2025-01-01,reported occupancy date follows signature date
-4090637892428754472,occupancy_or_vacancy_date,occupancy_after_signature,2026-02-16,reported occupancy date follows signature date
-3973455340486393940,occupancy_or_vacancy_date,occupancy_after_signature,2023-04-01,reported occupancy date follows signature date
-4018555001972925948,occupancy_or_vacancy_date,occupancy_after_signature,2025-03-01,reported occupancy date follows signature date
-3996216766308717904,occupancy_or_vacancy_date,occupancy_after_signature,2026-01-04,reported occupancy date follows signature date
-3976131784373442153,occupancy_or_vacancy_date,occupancy_after_signature,2023-06-01,reported occupancy date follows signature date
-4017754896256736481,occupancy_or_vacancy_date,occupancy_after_signature,2023-09-01,reported occupancy date follows signature date
-3972199822251935205,occupancy_or_vacancy_date,occupancy_after_signature,2023-03-01,reported occupancy date follows signature date
-3999029361842102844,occupancy_or_vacancy_date,occupancy_after_signature,2023-03-01,reported occupancy date follows signature date
-3995313504221324305,occupancy_or_vacancy_date,occupancy_after_signature,2026-01-12,reported occupancy date follows signature date
-3958571225330122923,signature_date,invalid_date,0001/01/01,invalid or outside accepted year range
-3994768605783099834,occupancy_or_vacancy_date,occupancy_after_signature,2025-11-01,reported occupancy date follows signature date
-3965674329612903942,occupancy_or_vacancy_date,occupancy_after_signature,2026-07-15,reported occupancy date follows signature date
-3954144627589259775,occupancy_or_vacancy_date,occupancy_after_signature,2024-08-19,reported occupancy date follows signature date
-4020040813496089790,occupancy_or_vacancy_date,occupancy_after_signature,2022-06-29,reported occupancy date follows signature date
-3964826201703143506,occupancy_or_vacancy_date,occupancy_after_signature,2025-05-01,reported occupancy date follows signature date
-3936070517491381764,occupancy_or_vacancy_date,occupancy_after_signature,2025-02-01,reported occupancy date follows signature date
-3935530481683896379,occupancy_or_vacancy_date,occupancy_after_signature,2024-05-10,reported occupancy date follows signature date
-3895740809419223932,occupancy_or_vacancy_date,occupancy_after_signature,2023-06-01,reported occupancy date follows signature date
-3885548519505277497,occupancy_or_vacancy_date,occupancy_after_signature,2025-12-13,reported occupancy date follows signature date
-3918503260944993430,occupancy_or_vacancy_date,occupancy_after_signature,2026-09-07,reported occupancy date follows signature date
-3914275171511489147,occupancy_or_vacancy_date,occupancy_after_signature,2025-08-15,reported occupancy date follows signature date
-3916790411340324894,occupancy_or_vacancy_date,occupancy_after_signature,2022-08-18,reported occupancy date follows signature date
-3939997910964181698,occupancy_or_vacancy_date,occupancy_after_signature,2025-04-15,reported occupancy date follows signature date
-3941478321680284671,occupancy_or_vacancy_date,occupancy_after_signature,2024-11-30,reported occupancy date follows signature date
-3902886513679542162,occupancy_or_vacancy_date,occupancy_after_signature,2025-08-01,reported occupancy date follows signature date
-3894088059325907254,occupancy_or_vacancy_date,occupancy_after_signature,2023-04-15,reported occupancy date follows signature date
-3871065317977414760,occupancy_or_vacancy_date,occupancy_after_signature,2023-04-01,reported occupancy date follows signature date
-3835456699601419317,occupancy_or_vacancy_date,occupancy_after_signature,2024-02-24,reported occupancy date follows signature date
-3823202891942846796,occupancy_or_vacancy_date,occupancy_after_signature,2026-07-29,reported occupancy date follows signature date
-3818033768247932384,occupancy_or_vacancy_date,occupancy_after_signature,2023-08-01,reported occupancy date follows signature date
-3853309104122013827,occupancy_or_vacancy_date,occupancy_after_signature,2024-02-24,reported occupancy date follows signature date
-3822505332637738580,occupancy_or_vacancy_date,occupancy_after_signature,2026-02-13,reported occupancy date follows signature date
-3874765266444601220,occupancy_or_vacancy_date,occupancy_after_signature,2023-03-30,reported occupancy date follows signature date
-3848940723665181547,occupancy_or_vacancy_date,occupancy_after_signature,2024-03-01,reported occupancy date follows signature date
-3860678324431171322,occupancy_or_vacancy_date,invalid_date,0199/09/15,invalid or outside accepted year range
-3833487508131599731,occupancy_or_vacancy_date,occupancy_after_signature,2024-10-01,reported occupancy date follows signature date
-3846563203284706152,vacancy_date,invalid_date,0023/08/05,invalid or outside accepted year range
-3832578019042956544,signature_date,invalid_date,0001/01/01,invalid or outside accepted year range
-3741986420762756296,signature_date,invalid_date,0001/01/01,invalid or outside accepted year range
-3798754230778930396,occupancy_or_vacancy_date,occupancy_after_signature,2023-03-01,reported occupancy date follows signature date
-3796292387931199953,occupancy_or_vacancy_date,occupancy_after_signature,2023-02-01,reported occupancy date follows signature date
-3802291251949482798,occupancy_or_vacancy_date,occupancy_after_signature,2025-11-15,reported occupancy date follows signature date
-3791008247103875483,occupancy_or_vacancy_date,occupancy_after_signature,2025-06-01,reported occupancy date follows signature date
-3760775607940094594,occupancy_or_vacancy_date,occupancy_after_signature,2024-02-24,reported occupancy date follows signature date
-3737931737050442620,occupancy_or_vacancy_date,occupancy_after_signature,2022-07-01,reported occupancy date follows signature date
-3778900839144989306,occupancy_or_vacancy_date,occupancy_after_signature,2024-04-10,reported occupancy date follows signature date
-3766932209851699747,occupancy_or_vacancy_date,occupancy_after_signature,2024-04-12,reported occupancy date follows signature date
-3753995118629907943,occupancy_or_vacancy_date,invalid_date,2587/01/01,invalid or outside accepted year range
-3747249619096646395,occupancy_or_vacancy_date,occupancy_after_signature,2023-06-10,reported occupancy date follows signature date
-3739832024161128222,occupancy_or_vacancy_date,occupancy_after_signature,2024-02-01,reported occupancy date follows signature date
-3802444694284455699,occupancy_or_vacancy_date,occupancy_after_signature,2023-07-01,reported occupancy date follows signature date
-3770620937139486288,bedroom_count,unparseable_category,2T,retained as raw label
-3740413765837132642,occupancy_or_vacancy_date,invalid_date,2029/05/01,invalid or outside accepted year range
-3711498685925562699,vacancy_date,invalid_date,0024/01/17,invalid or outside accepted year range
-3677702710254752993,occupancy_or_vacancy_date,occupancy_after_signature,2022-08-12,reported occupancy date follows signature date
-3706611067664427708,occupancy_or_vacancy_date,occupancy_after_signature,2025-12-01,reported occupancy date follows signature date
-3703707220569159842,occupancy_or_vacancy_date,occupancy_after_signature,2022-07-07,reported occupancy date follows signature date
-3664924007801793243,occupancy_or_vacancy_date,occupancy_after_signature,2025-06-15,reported occupancy date follows signature date
-3711556459135330502,occupancy_or_vacancy_date,occupancy_after_signature,2022-10-06,reported occupancy date follows signature date
-3732562126678767243,occupancy_or_vacancy_date,occupancy_after_signature,2025-06-28,reported occupancy date follows signature date
-3727626959521780455,occupancy_or_vacancy_date,occupancy_after_signature,2023-02-20,reported occupancy date follows signature date
-3730026038305222150,occupancy_or_vacancy_date,occupancy_after_signature,2023-03-02,reported occupancy date follows signature date
-3632623253775818760,vacancy_date,invalid_date,0024/01/31,invalid or outside accepted year range
-3626468202022838319,occupancy_or_vacancy_date,invalid_date,2530/04/07,invalid or outside accepted year range
-3616748021357396028,occupancy_or_vacancy_date,occupancy_after_signature,2024-04-01,reported occupancy date follows signature date
-3598016931633578249,occupancy_or_vacancy_date,occupancy_after_signature,2022-06-30,reported occupancy date follows signature date
-3612921338158966978,occupancy_or_vacancy_date,occupancy_after_signature,2026-08-22,reported occupancy date follows signature date
-3599200365139606322,vacancy_date,invalid_date,1899/12/30,invalid or outside accepted year range
-3657765245247741432,occupancy_or_vacancy_date,invalid_date,0199/09/15,invalid or outside accepted year range
-3631475386905335100,occupancy_or_vacancy_date,occupancy_after_signature,2024-10-01,reported occupancy date follows signature date
-3613579727890017026,occupancy_or_vacancy_date,occupancy_after_signature,2025-05-15,reported occupancy date follows signature date
-3630562811482257718,occupancy_or_vacancy_date,occupancy_after_signature,2025-02-09,reported occupancy date follows signature date
-3647859298951286451,occupancy_or_vacancy_date,invalid_date,0021/12/18,invalid or outside accepted year range
-3625341038839093041,occupancy_or_vacancy_date,occupancy_after_signature,2024-09-18,reported occupancy date follows signature date
-3593047492415613474,occupancy_or_vacancy_date,invalid_date,0022/06/01,invalid or outside accepted year range
-3562072491681056878,occupancy_or_vacancy_date,occupancy_after_signature,2022-08-01,reported occupancy date follows signature date
-3572828819275500266,occupancy_or_vacancy_date,occupancy_after_signature,2022-07-01,reported occupancy date follows signature date
-3567891518346558453,occupancy_or_vacancy_date,occupancy_after_signature,2022-08-01,reported occupancy date follows signature date
-3539603295735526783,occupancy_or_vacancy_date,occupancy_after_signature,2026-03-01,reported occupancy date follows signature date
-3519105601691626503,occupancy_or_vacancy_date,occupancy_after_signature,2024-06-01,reported occupancy date follows signature date
-3578123758429502112,occupancy_or_vacancy_date,occupancy_after_signature,2025-08-01,reported occupancy date follows signature date
-3554825640232282392,occupancy_or_vacancy_date,occupancy_after_signature,2024-08-08,reported occupancy date follows signature date
-3549560017777837027,occupancy_or_vacancy_date,occupancy_after_signature,2024-09-01,reported occupancy date follows signature date
-3587482800156671853,bathroom_count,unparseable_category,1bathroom,retained as raw label
-3579405411981179541,occupancy_or_vacancy_date,invalid_date,2367/02/28,invalid or outside accepted year range
-3571848478366317089,occupancy_or_vacancy_date,occupancy_after_signature,2023-08-15,reported occupancy date follows signature date
-3565751942375620636,occupancy_or_vacancy_date,occupancy_after_signature,2025-05-01,reported occupancy date follows signature date
-3567571144682318136,occupancy_or_vacancy_date,occupancy_after_signature,2024-03-01,reported occupancy date follows signature date
-3516028768182801526,occupancy_or_vacancy_date,occupancy_after_signature,2023-03-25,reported occupancy date follows signature date
-3486572376532093024,occupancy_or_vacancy_date,occupancy_after_signature,2025-03-01,reported occupancy date follows signature date
-3446032902710424045,occupancy_or_vacancy_date,occupancy_after_signature,2022-07-01,reported occupancy date follows signature date
-3447996778209755332,occupancy_or_vacancy_date,occupancy_after_signature,2025-03-01,reported occupancy date follows signature date
-3456166341621315031,occupancy_or_vacancy_date,occupancy_after_signature,2023-03-01,reported occupancy date follows signature date
-3467394356204440629,occupancy_or_vacancy_date,occupancy_after_signature,2026-02-01,reported occupancy date follows signature date
-3458716393267848810,occupancy_or_vacancy_date,occupancy_after_signature,2024-03-01,reported occupancy date follows signature date
-3509842149994945176,occupancy_or_vacancy_date,occupancy_after_signature,2024-02-01,reported occupancy date follows signature date
-3486235151795570479,occupancy_or_vacancy_date,occupancy_after_signature,2025-08-01,reported occupancy date follows signature date
-3456208848845138586,occupancy_or_vacancy_date,occupancy_after_signature,2026-08-01,reported occupancy date follows signature date
-3514233619115241330,occupancy_or_vacancy_date,occupancy_after_signature,2024-03-18,reported occupancy date follows signature date
-3497958001080357347,occupancy_or_vacancy_date,occupancy_after_signature,2023-07-01,reported occupancy date follows signature date
-3457372397945115466,occupancy_or_vacancy_date,occupancy_after_signature,2024-09-24,reported occupancy date follows signature date
-3480524552188797652,occupancy_or_vacancy_date,occupancy_after_signature,2024-03-01,reported occupancy date follows signature date
-3453602318468921396,vacancy_date,invalid_date,0023/05/12,invalid or outside accepted year range
-3432560293616927373,occupancy_or_vacancy_date,occupancy_after_signature,2026-05-02,reported occupancy date follows signature date
-3388962163218444031,occupancy_or_vacancy_date,occupancy_after_signature,2026-01-01,reported occupancy date follows signature date
-3430679675355961586,occupancy_or_vacancy_date,occupancy_after_signature,2025-02-21,reported occupancy date follows signature date
-3434505620833669362,occupancy_or_vacancy_date,occupancy_after_signature,2024-02-16,reported occupancy date follows signature date
-3425600876333547739,occupancy_or_vacancy_date,occupancy_after_signature,2023-06-17,reported occupancy date follows signature date
-3430424976334478371,occupancy_or_vacancy_date,invalid_date,2037/09/18,invalid or outside accepted year range
-3375536304366762271,occupancy_or_vacancy_date,occupancy_after_signature,2024-11-01,reported occupancy date follows signature date
-3400567244014733598,occupancy_or_vacancy_date,occupancy_after_signature,2023-12-01,reported occupancy date follows signature date
-3389835608281124072,occupancy_or_vacancy_date,occupancy_after_signature,2022-07-01,reported occupancy date follows signature date
-3427831914882811985,occupancy_or_vacancy_date,occupancy_after_signature,2024-10-01,reported occupancy date follows signature date
-3427456224416281693,occupancy_or_vacancy_date,occupancy_after_signature,2022-07-15,reported occupancy date follows signature date
-3355766394598834402,bathroom_count,unparseable_category,One-Bedroom,retained as raw label
-3319740305908719935,occupancy_or_vacancy_date,occupancy_after_signature,2025-06-01,reported occupancy date follows signature date
-3341808126187834443,occupancy_or_vacancy_date,occupancy_after_signature,2025-07-20,reported occupancy date follows signature date
-3328793869255926986,occupancy_or_vacancy_date,occupancy_after_signature,2023-03-01,reported occupancy date follows signature date
-3361996574560836901,occupancy_or_vacancy_date,occupancy_after_signature,2025-09-10,reported occupancy date follows signature date
-3336357635299771673,occupancy_or_vacancy_date,occupancy_after_signature,2025-03-18,reported occupancy date follows signature date
-3361559153574300382,occupancy_or_vacancy_date,occupancy_after_signature,2022-07-15,reported occupancy date follows signature date
-3318386102527105333,occupancy_or_vacancy_date,occupancy_after_signature,2025-03-12,reported occupancy date follows signature date
-3315479981748234293,occupancy_or_vacancy_date,occupancy_after_signature,2025-02-22,reported occupancy date follows signature date
-3345307088155653397,occupancy_or_vacancy_date,occupancy_after_signature,2024-03-23,reported occupancy date follows signature date
-3317568551466908003,vacancy_date,invalid_date,0023/08/24,invalid or outside accepted year range
-3257471024765935129,occupancy_or_vacancy_date,occupancy_after_signature,2024-12-01,reported occupancy date follows signature date
-3231239496540146033,occupancy_or_vacancy_date,occupancy_after_signature,2024-03-05,reported occupancy date follows signature date
-3296763000299220757,occupancy_or_vacancy_date,occupancy_after_signature,2024-04-03,reported occupancy date follows signature date
-3286940075949939430,occupancy_or_vacancy_date,occupancy_after_signature,2023-12-09,reported occupancy date follows signature date
-3251968447530479496,occupancy_or_vacancy_date,occupancy_after_signature,2024-07-07,reported occupancy date follows signature date
-3275677452912218352,occupancy_or_vacancy_date,occupancy_after_signature,2024-03-01,reported occupancy date follows signature date
-3298694150139628345,occupancy_or_vacancy_date,occupancy_after_signature,2022-11-01,reported occupancy date follows signature date
-3273972851123379795,occupancy_or_vacancy_date,occupancy_after_signature,2022-07-21,reported occupancy date follows signature date
-3275918546224651306,vacancy_date,invalid_date,0026/01/31,invalid or outside accepted year range
-3199635492993030172,occupancy_or_vacancy_date,occupancy_after_signature,2022-07-01,reported occupancy date follows signature date
-3197701697085931764,occupancy_or_vacancy_date,occupancy_after_signature,2024-03-04,reported occupancy date follows signature date
-3162205975963950645,occupancy_or_vacancy_date,occupancy_after_signature,2024-07-20,reported occupancy date follows signature date
-3222160961192446580,occupancy_or_vacancy_date,occupancy_after_signature,2023-11-01,reported occupancy date follows signature date
-3213431890990062466,occupancy_or_vacancy_date,occupancy_after_signature,2024-05-15,reported occupancy date follows signature date
-3204244403267924518,occupancy_or_vacancy_date,invalid_date,0201/01/01,invalid or outside accepted year range
-3208874166565732973,occupancy_or_vacancy_date,occupancy_after_signature,2024-02-23,reported occupancy date follows signature date
-3217415322117850553,occupancy_or_vacancy_date,occupancy_after_signature,2024-03-01,reported occupancy date follows signature date
-3156232193209205234,occupancy_or_vacancy_date,occupancy_after_signature,2022-10-21,reported occupancy date follows signature date
-3208917624214263486,occupancy_or_vacancy_date,occupancy_after_signature,2024-07-01,reported occupancy date follows signature date
-3165836331947505325,occupancy_or_vacancy_date,occupancy_after_signature,2026-08-18,reported occupancy date follows signature date
-3204860644152532404,occupancy_or_vacancy_date,occupancy_after_signature,2022-07-15,reported occupancy date follows signature date
-3179617407377702605,occupancy_or_vacancy_date,occupancy_after_signature,2022-11-25,reported occupancy date follows signature date
-3175949755335009858,occupancy_or_vacancy_date,occupancy_after_signature,2024-10-11,reported occupancy date follows signature date
-3148329728117568788,occupancy_or_vacancy_date,occupancy_after_signature,2023-03-01,reported occupancy date follows signature date
-3126231116218999774,occupancy_or_vacancy_date,occupancy_after_signature,2024-04-10,reported occupancy date follows signature date
-3085522346238889926,occupancy_or_vacancy_date,occupancy_after_signature,2025-06-15,reported occupancy date follows signature date
-3122141457699279648,occupancy_or_vacancy_date,occupancy_after_signature,2022-11-01,reported occupancy date follows signature date
-3137528345816926115,occupancy_or_vacancy_date,occupancy_after_signature,2026-12-01,reported occupancy date follows signature date
-3134510523327370026,occupancy_or_vacancy_date,invalid_date,3020/12/01,invalid or outside accepted year range
-3089515527058507453,occupancy_or_vacancy_date,occupancy_after_signature,2024-06-01,reported occupancy date follows signature date
-3082667924758429561,occupancy_or_vacancy_date,occupancy_after_signature,2025-06-01,reported occupancy date follows signature date
-3107229862059269166,occupancy_or_vacancy_date,occupancy_after_signature,2025-04-12,reported occupancy date follows signature date
-3097956100703391216,occupancy_or_vacancy_date,occupancy_after_signature,2026-07-15,reported occupancy date follows signature date
-3079074663849576634,occupancy_or_vacancy_date,occupancy_after_signature,2026-02-08,reported occupancy date follows signature date
-3142566375673305670,occupancy_or_vacancy_date,occupancy_after_signature,2023-07-08,reported occupancy date follows signature date
-3125974167440842356,occupancy_or_vacancy_date,occupancy_after_signature,2023-09-27,reported occupancy date follows signature date
-3097732044416777392,occupancy_or_vacancy_date,occupancy_after_signature,2025-12-31,reported occupancy date follows signature date
-3139305642129641667,occupancy_or_vacancy_date,occupancy_after_signature,2025-05-01,reported occupancy date follows signature date
-3133807223775872131,occupancy_or_vacancy_date,occupancy_after_signature,2026-02-26,reported occupancy date follows signature date
-3119513218751282447,occupancy_or_vacancy_date,occupancy_after_signature,2023-03-03,reported occupancy date follows signature date
-3084342040426399353,occupancy_or_vacancy_date,occupancy_after_signature,2023-11-15,reported occupancy date follows signature date
-3051074796532397697,signature_date,invalid_date,0001/01/01,invalid or outside accepted year range
-3053338116137551630,occupancy_or_vacancy_date,occupancy_after_signature,2025-03-11,reported occupancy date follows signature date
-3024107080532609494,occupancy_or_vacancy_date,occupancy_after_signature,2023-06-15,reported occupancy date follows signature date
-3017685918802900699,occupancy_or_vacancy_date,invalid_date,0202/09/01,invalid or outside accepted year range
-3016926032225033559,bedroom_count,unparseable_category,2A,retained as raw label
-3069105776497324054,occupancy_or_vacancy_date,occupancy_after_signature,2026-04-03,reported occupancy date follows signature date
-3067360521959245611,occupancy_or_vacancy_date,occupancy_after_signature,2024-04-01,reported occupancy date follows signature date
-3065225470583677041,occupancy_or_vacancy_date,occupancy_after_signature,2024-07-11,reported occupancy date follows signature date
-3051730910447683100,occupancy_or_vacancy_date,occupancy_after_signature,2023-03-10,reported occupancy date follows signature date
-3068889608192686190,occupancy_or_vacancy_date,occupancy_after_signature,2023-06-15,reported occupancy date follows signature date
-3060912355922680157,occupancy_or_vacancy_date,occupancy_after_signature,2026-03-01,reported occupancy date follows signature date
-3040942447476803406,occupancy_or_vacancy_date,occupancy_after_signature,2025-03-01,reported occupancy date follows signature date
-3049513670061242831,occupancy_or_vacancy_date,occupancy_after_signature,2023-11-01,reported occupancy date follows signature date
-3015498148814645390,occupancy_or_vacancy_date,invalid_date,0022/05/01,invalid or outside accepted year range
-3053320856209636851,occupancy_or_vacancy_date,occupancy_after_signature,2023-03-01,reported occupancy date follows signature date
-3028428373975252102,occupancy_or_vacancy_date,occupancy_after_signature,2023-04-01,reported occupancy date follows signature date
-2963888614839157534,occupancy_or_vacancy_date,occupancy_after_signature,2024-02-20,reported occupancy date follows signature date
-2952152383756795494,occupancy_or_vacancy_date,occupancy_after_signature,2023-03-25,reported occupancy date follows signature date
-2969458367153250734,occupancy_or_vacancy_date,occupancy_after_signature,2024-02-25,reported occupancy date follows signature date
-2929989499623911615,occupancy_or_vacancy_date,occupancy_after_signature,2023-03-17,reported occupancy date follows signature date
-2977799944122605536,occupancy_or_vacancy_date,occupancy_after_signature,2022-09-06,reported occupancy date follows signature date
-2930622579012931239,vacancy_date,invalid_date,0024/02/15,invalid or outside accepted year range
-2941821754737943879,occupancy_or_vacancy_date,occupancy_after_signature,2023-03-01,reported occupancy date follows signature date
-2962949619408280892,occupancy_or_vacancy_date,occupancy_after_signature,2026-02-17,reported occupancy date follows signature date
-2935857272077710357,vacancy_date,invalid_date,0203/02/24,invalid or outside accepted year range
-2989978415628957327,occupancy_or_vacancy_date,invalid_date,2586/12/13,invalid or outside accepted year range
-2878369862817883849,occupancy_or_vacancy_date,occupancy_after_signature,2023-01-28,reported occupancy date follows signature date
-2862827079164407384,vacancy_date,invalid_date,0023/12/15,invalid or outside accepted year range
-2882363160376615102,occupancy_or_vacancy_date,occupancy_after_signature,2025-12-20,reported occupancy date follows signature date
-2870016008697729269,occupancy_or_vacancy_date,occupancy_after_signature,2025-09-25,reported occupancy date follows signature date
-2910156761227627353,occupancy_or_vacancy_date,occupancy_after_signature,2023-03-01,reported occupancy date follows signature date
-2893400161278531788,occupancy_or_vacancy_date,occupancy_after_signature,2023-03-04,reported occupancy date follows signature date
-2875864346106789312,occupancy_or_vacancy_date,occupancy_after_signature,2025-12-22,reported occupancy date follows signature date
-2863254407188504302,occupancy_or_vacancy_date,occupancy_after_signature,2025-12-15,reported occupancy date follows signature date
-2919942270869628638,occupancy_or_vacancy_date,occupancy_after_signature,2024-07-19,reported occupancy date follows signature date
-2866385727878605733,occupancy_or_vacancy_date,occupancy_after_signature,2025-05-10,reported occupancy date follows signature date
-2921565816790214406,occupancy_or_vacancy_date,occupancy_after_signature,2024-07-05,reported occupancy date follows signature date
-2800070736291746317,occupancy_or_vacancy_date,occupancy_after_signature,2024-05-16,reported occupancy date follows signature date
-2805016696164044775,occupancy_or_vacancy_date,occupancy_after_signature,2023-07-01,reported occupancy date follows signature date
-2836095369529611866,occupancy_or_vacancy_date,occupancy_after_signature,2025-04-02,reported occupancy date follows signature date
-2852329889877673151,occupancy_or_vacancy_date,occupancy_after_signature,2023-05-15,reported occupancy date follows signature date
-2848626220322558770,occupancy_or_vacancy_date,occupancy_after_signature,2025-04-01,reported occupancy date follows signature date
-2831185812441782585,occupancy_or_vacancy_date,occupancy_after_signature,2024-02-15,reported occupancy date follows signature date
-2792134663912551857,occupancy_or_vacancy_date,occupancy_after_signature,2024-10-13,reported occupancy date follows signature date
-2765321297159062997,occupancy_or_vacancy_date,occupancy_after_signature,2026-02-01,reported occupancy date follows signature date
-2759207227304946797,occupancy_or_vacancy_date,occupancy_after_signature,2026-02-10,reported occupancy date follows signature date
-2715162172797485895,occupancy_or_vacancy_date,occupancy_after_signature,2023-12-09,reported occupancy date follows signature date
-2772533211628706282,occupancy_or_vacancy_date,occupancy_after_signature,2025-03-01,reported occupancy date follows signature date
-2746794843590946637,occupancy_or_vacancy_date,invalid_date,3022/09/01,invalid or outside accepted year range
-2735368361332533550,occupancy_or_vacancy_date,occupancy_after_signature,2023-03-03,reported occupancy date follows signature date
-2718456690540447196,occupancy_or_vacancy_date,occupancy_after_signature,2024-03-01,reported occupancy date follows signature date
-2737773862697824651,occupancy_or_vacancy_date,occupancy_after_signature,2026-04-22,reported occupancy date follows signature date
-2729455128591703183,occupancy_or_vacancy_date,occupancy_after_signature,2024-07-15,reported occupancy date follows signature date
-2717265084799621801,occupancy_or_vacancy_date,occupancy_after_signature,2025-06-07,reported occupancy date follows signature date
-2767199456132456961,occupancy_or_vacancy_date,occupancy_after_signature,2025-06-29,reported occupancy date follows signature date
-2762721502759940179,occupancy_or_vacancy_date,occupancy_after_signature,2023-03-10,reported occupancy date follows signature date
-2761924342697655648,occupancy_or_vacancy_date,occupancy_after_signature,2023-03-01,reported occupancy date follows signature date
-2734214230892309389,signature_date,invalid_date,0001/01/01,invalid or outside accepted year range
-2705238167886021873,occupancy_or_vacancy_date,occupancy_after_signature,2024-09-05,reported occupancy date follows signature date
-2684349559627087982,occupancy_or_vacancy_date,occupancy_after_signature,2024-03-14,reported occupancy date follows signature date
-2711127579755941321,occupancy_or_vacancy_date,occupancy_after_signature,2023-03-01,reported occupancy date follows signature date
-2706966331697672475,occupancy_or_vacancy_date,occupancy_after_signature,2024-06-01,reported occupancy date follows signature date
-2652228967006777508,occupancy_or_vacancy_date,occupancy_after_signature,2023-08-07,reported occupancy date follows signature date
-2655595903791040239,occupancy_or_vacancy_date,occupancy_after_signature,2024-03-01,reported occupancy date follows signature date
-2685127457717162731,occupancy_or_vacancy_date,occupancy_after_signature,2022-07-31,reported occupancy date follows signature date
-2676538038498565531,occupancy_or_vacancy_date,occupancy_after_signature,2025-01-24,reported occupancy date follows signature date
-2668787959120662226,occupancy_or_vacancy_date,occupancy_after_signature,2024-05-25,reported occupancy date follows signature date
-2606480167574828245,occupancy_or_vacancy_date,occupancy_after_signature,2022-08-01,reported occupancy date follows signature date
-2626810510576487789,occupancy_or_vacancy_date,occupancy_after_signature,2024-12-09,reported occupancy date follows signature date
-2641445852339164480,occupancy_or_vacancy_date,occupancy_after_signature,2025-07-14,reported occupancy date follows signature date
-2604844866394957087,occupancy_or_vacancy_date,occupancy_after_signature,2024-12-07,reported occupancy date follows signature date
-2602820211520255133,occupancy_or_vacancy_date,occupancy_after_signature,2025-09-30,reported occupancy date follows signature date
-2573592052884582793,occupancy_or_vacancy_date,occupancy_after_signature,2024-07-01,reported occupancy date follows signature date
-2574229374068791354,signature_date,invalid_date,0001/01/01,invalid or outside accepted year range
-2638537342485839681,occupancy_or_vacancy_date,occupancy_after_signature,2024-06-04,reported occupancy date follows signature date
-2606583562676636689,occupancy_or_vacancy_date,occupancy_after_signature,2024-10-01,reported occupancy date follows signature date
-2605256162371323413,occupancy_or_vacancy_date,invalid_date,2585/11/12,invalid or outside accepted year range
-2605028463399882534,occupancy_or_vacancy_date,occupancy_after_signature,2023-04-15,reported occupancy date follows signature date
-2630097205125824196,occupancy_or_vacancy_date,occupancy_after_signature,2023-02-10,reported occupancy date follows signature date
-2628916316262780357,occupancy_or_vacancy_date,occupancy_after_signature,2023-03-01,reported occupancy date follows signature date
-2584697767378645758,occupancy_or_vacancy_date,occupancy_after_signature,2025-06-01,reported occupancy date follows signature date
-2537344300570403373,occupancy_or_vacancy_date,invalid_date,2069/12/01,invalid or outside accepted year range
-2526191253317785561,occupancy_or_vacancy_date,occupancy_after_signature,2022-07-01,reported occupancy date follows signature date
-2551051761314606080,occupancy_or_vacancy_date,invalid_date,1899/12/31,invalid or outside accepted year range
-2561452332591279851,occupancy_or_vacancy_date,occupancy_after_signature,2024-05-01,reported occupancy date follows signature date
-2550539545729179973,occupancy_or_vacancy_date,occupancy_after_signature,2022-07-01,reported occupancy date follows signature date
-2509576178291953857,occupancy_or_vacancy_date,occupancy_after_signature,2024-04-22,reported occupancy date follows signature date
-2554997424819918800,occupancy_or_vacancy_date,occupancy_after_signature,2025-09-01,reported occupancy date follows signature date
-2570192552779825669,bathroom_count,unparseable_category,2  bathroom,retained as raw label
-2490665091351368293,occupancy_or_vacancy_date,occupancy_after_signature,2024-02-01,reported occupancy date follows signature date
-2490236266387297508,occupancy_or_vacancy_date,occupancy_after_signature,2024-01-26,reported occupancy date follows signature date
-2491960244064970680,occupancy_or_vacancy_date,occupancy_after_signature,2023-02-05,reported occupancy date follows signature date
-2476202282273226826,occupancy_or_vacancy_date,occupancy_after_signature,2023-04-01,reported occupancy date follows signature date
-2452869170064894928,vacancy_date,invalid_date,0024/01/15,invalid or outside accepted year range
-2457409781727169951,occupancy_or_vacancy_date,occupancy_after_signature,2024-12-21,reported occupancy date follows signature date
-2449152154272158667,occupancy_or_vacancy_date,invalid_date,0202/11/15,invalid or outside accepted year range
-2492272201869706265,occupancy_or_vacancy_date,invalid_date,2587/06/27,invalid or outside accepted year range
-2441385971642479530,occupancy_or_vacancy_date,occupancy_after_signature,2024-04-29,reported occupancy date follows signature date
-2465783280605431679,vacancy_date,invalid_date,0023/12/18,invalid or outside accepted year range
-2439155700776807259,occupancy_or_vacancy_date,occupancy_after_signature,2026-07-01,reported occupancy date follows signature date
-2387371743250905422,occupancy_or_vacancy_date,occupancy_after_signature,2025-03-07,reported occupancy date follows signature date
-2388027053287189952,occupancy_or_vacancy_date,occupancy_after_signature,2026-07-28,reported occupancy date follows signature date
-2396598227621166704,occupancy_or_vacancy_date,occupancy_after_signature,2025-08-22,reported occupancy date follows signature date
-2402525382603258593,occupancy_or_vacancy_date,occupancy_after_signature,2022-07-01,reported occupancy date follows signature date
-2358285997321261334,signature_date,invalid_date,0001/01/01,invalid or outside accepted year range
-2425791262188913957,occupancy_or_vacancy_date,occupancy_after_signature,2023-03-01,reported occupancy date follows signature date
-2297880070699449455,occupancy_or_vacancy_date,occupancy_after_signature,2024-12-20,reported occupancy date follows signature date
-2342343267353237107,occupancy_or_vacancy_date,occupancy_after_signature,2025-12-19,reported occupancy date follows signature date
-2336529180028305276,occupancy_or_vacancy_date,invalid_date,0202/01/01,invalid or outside accepted year range
-2333451403815737954,occupancy_or_vacancy_date,occupancy_after_signature,2023-02-23,reported occupancy date follows signature date
-2345225492431677726,bedroom_count,unparseable_category,1T,retained as raw label
-2290073991656782007,occupancy_or_vacancy_date,occupancy_after_signature,2022-08-01,reported occupancy date follows signature date
-2308395373442405929,occupancy_or_vacancy_date,occupancy_after_signature,2024-08-01,reported occupancy date follows signature date
-2304693172964217441,occupancy_or_vacancy_date,occupancy_after_signature,2025-05-01,reported occupancy date follows signature date
-2297420336090618783,occupancy_or_vacancy_date,occupancy_after_signature,2024-08-31,reported occupancy date follows signature date
-2286314349263245426,occupancy_or_vacancy_date,occupancy_after_signature,2025-07-03,reported occupancy date follows signature date
-2326396131409834554,occupancy_or_vacancy_date,occupancy_after_signature,2023-05-01,reported occupancy date follows signature date
-2314019798896431132,occupancy_or_vacancy_date,occupancy_after_signature,2025-07-17,reported occupancy date follows signature date
-2303206194177658548,occupancy_or_vacancy_date,occupancy_after_signature,2023-11-10,reported occupancy date follows signature date
-2209995322267696888,occupancy_or_vacancy_date,occupancy_after_signature,2022-12-27,reported occupancy date follows signature date
-2228316161377165956,occupancy_or_vacancy_date,occupancy_after_signature,2025-03-01,reported occupancy date follows signature date
-2222619293868515478,occupancy_or_vacancy_date,occupancy_after_signature,2023-03-01,reported occupancy date follows signature date
-2275678562827134946,occupancy_or_vacancy_date,occupancy_after_signature,2025-04-12,reported occupancy date follows signature date
-2274119353799921653,occupancy_or_vacancy_date,occupancy_after_signature,2022-07-14,reported occupancy date follows signature date
-2267276103841057305,occupancy_or_vacancy_date,occupancy_after_signature,2023-04-01,reported occupancy date follows signature date
-2271541379653409219,occupancy_or_vacancy_date,occupancy_after_signature,2022-06-22,reported occupancy date follows signature date
-2247447062518941873,occupancy_or_vacancy_date,occupancy_after_signature,2023-07-07,reported occupancy date follows signature date
-2269206257960100945,occupancy_or_vacancy_date,occupancy_after_signature,2024-07-13,reported occupancy date follows signature date
-2249410228298495353,occupancy_or_vacancy_date,occupancy_after_signature,2023-02-15,reported occupancy date follows signature date
-2227535891577486494,occupancy_or_vacancy_date,occupancy_after_signature,2023-03-01,reported occupancy date follows signature date
-2202626811346814576,vacancy_date,invalid_date,3024/06/30,invalid or outside accepted year range
-2196293255068563246,occupancy_or_vacancy_date,occupancy_after_signature,2022-06-18,reported occupancy date follows signature date
-2168292228886494225,occupancy_or_vacancy_date,occupancy_after_signature,2025-01-02,reported occupancy date follows signature date
-2163784159906882581,signature_date,invalid_date,0001/01/01,invalid or outside accepted year range
-2199929988669182011,occupancy_or_vacancy_date,occupancy_after_signature,2022-06-30,reported occupancy date follows signature date
-2165957370475793741,occupancy_or_vacancy_date,occupancy_after_signature,2023-03-18,reported occupancy date follows signature date
-2148337749870404178,vacancy_date,invalid_date,0201/03/16,invalid or outside accepted year range
-2194293383760992894,vacancy_date,invalid_date,0023/12/16,invalid or outside accepted year range
-2199054287271857982,occupancy_or_vacancy_date,occupancy_after_signature,2024-05-01,reported occupancy date follows signature date
-2146266418031032998,occupancy_or_vacancy_date,occupancy_after_signature,2025-03-15,reported occupancy date follows signature date
-2144149620063692408,occupancy_or_vacancy_date,invalid_date,0200/11/08,invalid or outside accepted year range
-2097432226358725845,occupancy_or_vacancy_date,occupancy_after_signature,2025-03-04,reported occupancy date follows signature date
-9220512539025585868,occupancy_or_vacancy_date,occupancy_after_signature,2023-03-01,reported occupancy date follows signature date
-9218767370043962493,bathroom_count,unparseable_category,One-Bedroom,retained as raw label
-9209005895657111942,occupancy_or_vacancy_date,invalid_date,0021/01/03,invalid or outside accepted year range
-9209424217445716324,occupancy_or_vacancy_date,occupancy_after_signature,2026-06-01,reported occupancy date follows signature date
-9187915167946094358,occupancy_or_vacancy_date,occupancy_after_signature,2025-07-01,reported occupancy date follows signature date
-9184015986940884951,occupancy_or_vacancy_date,occupancy_after_signature,2024-10-19,reported occupancy date follows signature date
-9165435246294941392,occupancy_or_vacancy_date,occupancy_after_signature,2024-04-15,reported occupancy date follows signature date
-9159892700871158259,occupancy_or_vacancy_date,invalid_date,0020/07/02,invalid or outside accepted year range
-9122298044640156259,occupancy_or_vacancy_date,occupancy_after_signature,2024-08-21,reported occupancy date follows signature date
-9107466678255365081,occupancy_or_vacancy_date,occupancy_after_signature,2024-02-05,reported occupancy date follows signature date
-9129920410806980780,occupancy_or_vacancy_date,occupancy_after_signature,2023-04-01,reported occupancy date follows signature date
-9149012236706819166,occupancy_or_vacancy_date,occupancy_after_signature,2025-03-07,reported occupancy date follows signature date
-9149048212400739590,occupancy_or_vacancy_date,invalid_date,0201/10/15,invalid or outside accepted year range
-9125076126598617219,occupancy_or_vacancy_date,occupancy_after_signature,2022-06-24,reported occupancy date follows signature date
-9143443067211437420,occupancy_or_vacancy_date,invalid_date,0006/04/01,invalid or outside accepted year range
-9127031667211116848,occupancy_or_vacancy_date,occupancy_after_signature,2022-12-15,reported occupancy date follows signature date
-9087990401030489532,bedroom_count,unparseable_category,1A,retained as raw label
-9034286865047349420,occupancy_or_vacancy_date,occupancy_after_signature,2024-07-23,reported occupancy date follows signature date
-9089134866394473096,occupancy_or_vacancy_date,occupancy_after_signature,2024-08-01,reported occupancy date follows signature date
-9085766756729385378,vacancy_date,invalid_date,0223/12/31,invalid or outside accepted year range
-9085336372467594670,occupancy_or_vacancy_date,occupancy_after_signature,2023-12-15,reported occupancy date follows signature date
-9051236767544127448,occupancy_or_vacancy_date,occupancy_after_signature,2025-11-25,reported occupancy date follows signature date
-9099417212428977942,occupancy_or_vacancy_date,occupancy_after_signature,2023-10-01,reported occupancy date follows signature date
-9079181816242601251,occupancy_or_vacancy_date,occupancy_after_signature,2025-11-01,reported occupancy date follows signature date
-9050552595214665330,occupancy_or_vacancy_date,occupancy_after_signature,2023-06-03,reported occupancy date follows signature date
-9071220501532632164,occupancy_or_vacancy_date,occupancy_after_signature,2025-04-14,reported occupancy date follows signature date
-9013302122924355812,occupancy_or_vacancy_date,occupancy_after_signature,2024-10-04,reported occupancy date follows signature date
-8958493494575111688,occupancy_or_vacancy_date,occupancy_after_signature,2024-02-17,reported occupancy date follows signature date
-8988421109861193188,signature_date,invalid_date,0001/01/01,invalid or outside accepted year range
-9010439784457169145,occupancy_or_vacancy_date,occupancy_after_signature,2026-06-02,reported occupancy date follows signature date
-9001914225678370972,occupancy_or_vacancy_date,occupancy_after_signature,2025-02-27,reported occupancy date follows signature date
-9023104212598114445,occupancy_or_vacancy_date,occupancy_after_signature,2022-08-31,reported occupancy date follows signature date
-9004787936247835993,occupancy_or_vacancy_date,invalid_date,0021/01/03,invalid or outside accepted year range
-8969047263990674797,signature_date,invalid_date,0001/01/01,invalid or outside accepted year range
-8929506839789397733,occupancy_or_vacancy_date,occupancy_after_signature,2025-01-21,reported occupancy date follows signature date
-8957016260071045603,occupancy_or_vacancy_date,occupancy_after_signature,2022-12-27,reported occupancy date follows signature date
-8934268720367196699,occupancy_or_vacancy_date,occupancy_after_signature,2023-03-01,reported occupancy date follows signature date
-8885254271548655113,occupancy_or_vacancy_date,occupancy_after_signature,2022-07-01,reported occupancy date follows signature date
-8936119347215303337,occupancy_or_vacancy_date,occupancy_after_signature,2025-08-15,reported occupancy date follows signature date
-8903561252397229308,occupancy_or_vacancy_date,occupancy_after_signature,2024-07-05,reported occupancy date follows signature date
-8900055400870215483,occupancy_or_vacancy_date,occupancy_after_signature,2026-03-01,reported occupancy date follows signature date
-8927821730079282166,occupancy_or_vacancy_date,occupancy_after_signature,2024-10-15,reported occupancy date follows signature date
-8952489566684674046,occupancy_or_vacancy_date,occupancy_after_signature,2024-08-01,reported occupancy date follows signature date
-8901311483615099139,occupancy_or_vacancy_date,occupancy_after_signature,2022-06-30,reported occupancy date follows signature date
-8819643961200543064,occupancy_or_vacancy_date,occupancy_after_signature,2025-02-22,reported occupancy date follows signature date
-8839696958696636452,occupancy_or_vacancy_date,occupancy_after_signature,2024-04-19,reported occupancy date follows signature date
-8868160196180680387,occupancy_or_vacancy_date,occupancy_after_signature,2025-08-01,reported occupancy date follows signature date
-8814787569149756304,occupancy_or_vacancy_date,occupancy_after_signature,2024-02-22,reported occupancy date follows signature date
-8859945672427834257,occupancy_or_vacancy_date,occupancy_after_signature,2024-09-01,reported occupancy date follows signature date
-8879700301404726449,signature_date,invalid_date,0001/01/01,invalid or outside accepted year range
-8877547670930594057,occupancy_or_vacancy_date,occupancy_after_signature,2025-04-19,reported occupancy date follows signature date
-8832275689527485069,occupancy_or_vacancy_date,occupancy_after_signature,2023-07-01,reported occupancy date follows signature date
-8798149572262046356,occupancy_or_vacancy_date,occupancy_after_signature,2023-06-21,reported occupancy date follows signature date
-8786615260788787194,occupancy_or_vacancy_date,occupancy_after_signature,2023-12-03,reported occupancy date follows signature date
-8773460995541944144,occupancy_or_vacancy_date,occupancy_after_signature,2024-03-15,reported occupancy date follows signature date
-8747814738393156974,occupancy_or_vacancy_date,invalid_date,0201/10/15,invalid or outside accepted year range
-8773796813988323363,occupancy_or_vacancy_date,occupancy_after_signature,2025-07-01,reported occupancy date follows signature date
-8810910701526335270,occupancy_or_vacancy_date,occupancy_after_signature,2023-03-01,reported occupancy date follows signature date
-8774978113249739744,occupancy_or_vacancy_date,invalid_date,0219/11/15,invalid or outside accepted year range
-8762585993431272232,bedroom_count,unparseable_category,Garage,retained as raw label
-8800892384800889962,occupancy_or_vacancy_date,occupancy_after_signature,2025-05-17,reported occupancy date follows signature date
-8788394850274853217,occupancy_or_vacancy_date,occupancy_after_signature,2025-03-08,reported occupancy date follows signature date
-8790375224324242147,occupancy_or_vacancy_date,occupancy_after_signature,2024-03-01,reported occupancy date follows signature date
-8749553310447787303,occupancy_or_vacancy_date,occupancy_after_signature,2024-06-01,reported occupancy date follows signature date
-8700098160469183134,occupancy_or_vacancy_date,occupancy_after_signature,2025-09-01,reported occupancy date follows signature date
-8700772020593032699,occupancy_or_vacancy_date,occupancy_after_signature,2024-08-06,reported occupancy date follows signature date
-8736232412787074242,occupancy_or_vacancy_date,invalid_date,1012/08/11,invalid or outside accepted year range
-8693177519297791949,occupancy_or_vacancy_date,occupancy_after_signature,2024-07-01,reported occupancy date follows signature date
-8725597180870641104,occupancy_or_vacancy_date,occupancy_after_signature,2024-03-15,reported occupancy date follows signature date
-8689223929796977795,occupancy_or_vacancy_date,invalid_date,1899/12/31,invalid or outside accepted year range
-8673522193132390609,occupancy_or_vacancy_date,occupancy_after_signature,2022-07-02,reported occupancy date follows signature date
-8723326198003896947,occupancy_or_vacancy_date,occupancy_after_signature,2026-06-01,reported occupancy date follows signature date
-8677952685315529423,occupancy_or_vacancy_date,occupancy_after_signature,2025-07-01,reported occupancy date follows signature date
-8724732559371767520,occupancy_or_vacancy_date,occupancy_after_signature,2024-06-01,reported occupancy date follows signature date
-8641815812700110258,occupancy_or_vacancy_date,occupancy_after_signature,2022-12-27,reported occupancy date follows signature date
-8634189260767613459,vacancy_date,invalid_date,0023/07/02,invalid or outside accepted year range
-8616458524751745959,occupancy_or_vacancy_date,occupancy_after_signature,2023-04-01,reported occupancy date follows signature date
-8634480589113240419,signature_date,invalid_date,0001/01/01,invalid or outside accepted year range
-8666359881537559856,occupancy_or_vacancy_date,occupancy_after_signature,2023-03-04,reported occupancy date follows signature date
-8631990774521708588,occupancy_or_vacancy_date,occupancy_after_signature,2024-10-19,reported occupancy date follows signature date
-8666217642936189677,signature_date,invalid_date,0001/01/01,invalid or outside accepted year range
-8656032177521267884,occupancy_or_vacancy_date,occupancy_after_signature,2024-11-01,reported occupancy date follows signature date
-8616013401222494711,occupancy_or_vacancy_date,occupancy_after_signature,2023-11-01,reported occupancy date follows signature date
-8606464906260382997,occupancy_or_vacancy_date,occupancy_after_signature,2026-06-27,reported occupancy date follows signature date
-8663245031268239416,occupancy_or_vacancy_date,invalid_date,4502/12/20,invalid or outside accepted year range
-8658365392550601183,occupancy_or_vacancy_date,invalid_date,2077/04/15,invalid or outside accepted year range
-8621264281834683283,occupancy_or_vacancy_date,occupancy_after_signature,2023-02-28,reported occupancy date follows signature date
-8614294967997524395,occupancy_or_vacancy_date,occupancy_after_signature,2026-03-01,reported occupancy date follows signature date
-8604769132466552975,bathroom_count,unparseable_category,2 bedroom,retained as raw label
-8618817635021228813,occupancy_or_vacancy_date,occupancy_after_signature,2022-11-03,reported occupancy date follows signature date
-8581538625497297702,vacancy_date,invalid_date,0024/01/31,invalid or outside accepted year range
-8541206708869002324,occupancy_or_vacancy_date,occupancy_after_signature,2022-12-27,reported occupancy date follows signature date
-8581798300829723371,occupancy_or_vacancy_date,occupancy_after_signature,2024-04-04,reported occupancy date follows signature date
-8543063135348942519,occupancy_or_vacancy_date,occupancy_after_signature,2026-02-13,reported occupancy date follows signature date
-8588698049600999195,occupancy_or_vacancy_date,occupancy_after_signature,2024-05-15,reported occupancy date follows signature date
-8553262330539121267,occupancy_or_vacancy_date,occupancy_after_signature,2022-12-10,reported occupancy date follows signature date
-8545018319685653919,occupancy_or_vacancy_date,occupancy_after_signature,2022-12-27,reported occupancy date follows signature date
-8536315462205341191,occupancy_or_vacancy_date,occupancy_after_signature,2026-02-27,reported occupancy date follows signature date
-8563847309181193820,occupancy_or_vacancy_date,occupancy_after_signature,2023-03-11,reported occupancy date follows signature date
-8459161860052762913,occupancy_or_vacancy_date,occupancy_after_signature,2025-10-01,reported occupancy date follows signature date
-8519840404245139975,occupancy_or_vacancy_date,occupancy_after_signature,2025-10-01,reported occupancy date follows signature date
-8477485918155056800,signature_date,invalid_date,0001/01/01,invalid or outside accepted year range
-8463732562082760400,occupancy_or_vacancy_date,occupancy_after_signature,2023-02-28,reported occupancy date follows signature date
-8478519650424779720,occupancy_or_vacancy_date,occupancy_after_signature,2022-11-21,reported occupancy date follows signature date
-8468185718979107657,occupancy_or_vacancy_date,occupancy_after_signature,2023-03-01,reported occupancy date follows signature date
-8482980682156574525,occupancy_or_vacancy_date,occupancy_after_signature,2022-07-15,reported occupancy date follows signature date
-8515328887306738024,signature_date,invalid_date,0001/01/01,invalid or outside accepted year range
-8410079171158167564,occupancy_or_vacancy_date,occupancy_after_signature,2026-01-24,reported occupancy date follows signature date
-8428707854919919789,occupancy_or_vacancy_date,occupancy_after_signature,2023-08-12,reported occupancy date follows signature date
-8413395471748169895,occupancy_or_vacancy_date,occupancy_after_signature,2025-07-01,reported occupancy date follows signature date
-8422771932056740799,occupancy_or_vacancy_date,occupancy_after_signature,2022-12-27,reported occupancy date follows signature date
-8405295510208894019,occupancy_or_vacancy_date,occupancy_after_signature,2024-03-01,reported occupancy date follows signature date
-8418025468865259560,occupancy_or_vacancy_date,occupancy_after_signature,2025-04-01,reported occupancy date follows signature date
-8406819501710212694,occupancy_or_vacancy_date,occupancy_after_signature,2023-03-03,reported occupancy date follows signature date
-8429696405180733256,occupancy_or_vacancy_date,occupancy_after_signature,2024-04-22,reported occupancy date follows signature date
-8398634281665486932,occupancy_or_vacancy_date,occupancy_after_signature,2023-03-01,reported occupancy date follows signature date
-8326825333066343907,occupancy_or_vacancy_date,occupancy_after_signature,2022-06-30,reported occupancy date follows signature date
-8374554481791445902,occupancy_or_vacancy_date,invalid_date,0214/07/09,invalid or outside accepted year range
-8349679188724339066,occupancy_or_vacancy_date,occupancy_after_signature,2023-10-15,reported occupancy date follows signature date
-8337310455865113311,occupancy_or_vacancy_date,invalid_date,2068/07/10,invalid or outside accepted year range
-8355693361974814308,occupancy_or_vacancy_date,occupancy_after_signature,2024-06-06,reported occupancy date follows signature date
-8351913165088692955,occupancy_or_vacancy_date,occupancy_after_signature,2025-03-01,reported occupancy date follows signature date
-8358497331745292032,occupancy_or_vacancy_date,occupancy_after_signature,2024-08-01,reported occupancy date follows signature date
-8337650774905376094,occupancy_or_vacancy_date,occupancy_after_signature,2023-12-14,reported occupancy date follows signature date
-8294829620410444321,occupancy_or_vacancy_date,occupancy_after_signature,2023-04-08,reported occupancy date follows signature date
-8267834975340795802,occupancy_or_vacancy_date,occupancy_after_signature,2024-05-10,reported occupancy date follows signature date
-8288795910012328893,occupancy_or_vacancy_date,occupancy_after_signature,2023-03-15,reported occupancy date follows signature date
-8249955520780251340,occupancy_or_vacancy_date,occupancy_after_signature,2024-03-07,reported occupancy date follows signature date
-8301160255928832661,occupancy_or_vacancy_date,occupancy_after_signature,2025-05-19,reported occupancy date follows signature date
-8228575324848707283,occupancy_or_vacancy_date,occupancy_after_signature,2022-06-25,reported occupancy date follows signature date
-8258849425698309993,occupancy_or_vacancy_date,invalid_date,0021/11/15,invalid or outside accepted year range
-8278680081510044056,occupancy_or_vacancy_date,occupancy_after_signature,2025-04-04,reported occupancy date follows signature date
-8266482199636764105,signature_date,invalid_date,0001/01/01,invalid or outside accepted year range
-8250432284822525691,occupancy_or_vacancy_date,occupancy_after_signature,2024-02-28,reported occupancy date follows signature date
-8246883006648594221,occupancy_or_vacancy_date,occupancy_after_signature,2023-04-14,reported occupancy date follows signature date
-8226693273088218088,occupancy_or_vacancy_date,occupancy_after_signature,2023-05-20,reported occupancy date follows signature date
-8216917058952469390,occupancy_or_vacancy_date,occupancy_after_signature,2023-03-01,reported occupancy date follows signature date
-8215589195976277301,occupancy_or_vacancy_date,invalid_date,2558/03/30,invalid or outside accepted year range
-8193418920564276029,occupancy_or_vacancy_date,occupancy_after_signature,2024-09-02,reported occupancy date follows signature date
-8190355784560009274,occupancy_or_vacancy_date,invalid_date,0201/01/01,invalid or outside accepted year range
-8155359270890424887,occupancy_or_vacancy_date,occupancy_after_signature,2022-07-01,reported occupancy date follows signature date
-8185328829687558576,occupancy_or_vacancy_date,occupancy_after_signature,2024-12-01,reported occupancy date follows signature date
-8164925229064207890,occupancy_or_vacancy_date,occupancy_after_signature,2022-09-01,reported occupancy date follows signature date
-8188887286456818433,signature_date,invalid_date,0001/01/01,invalid or outside accepted year range
-8188161476766851877,occupancy_or_vacancy_date,occupancy_after_signature,2022-07-01,reported occupancy date follows signature date
-8165721594116985993,occupancy_or_vacancy_date,occupancy_after_signature,2026-06-20,reported occupancy date follows signature date
-8109702719885010135,occupancy_or_vacancy_date,occupancy_after_signature,2026-01-28,reported occupancy date follows signature date
-8094476000371457742,occupancy_or_vacancy_date,occupancy_after_signature,2023-12-01,reported occupancy date follows signature date
-8126396226694425610,occupancy_or_vacancy_date,occupancy_after_signature,2024-02-29,reported occupancy date follows signature date
-8121191002166994425,occupancy_or_vacancy_date,occupancy_after_signature,2024-03-01,reported occupancy date follows signature date
-8118898917977224705,occupancy_or_vacancy_date,invalid_date,2367/05/12,invalid or outside accepted year range
-8100270512646878491,vacancy_date,invalid_date,0024/01/11,invalid or outside accepted year range
-8100143961193954515,occupancy_or_vacancy_date,occupancy_after_signature,2025-02-17,reported occupancy date follows signature date
-8089278735620423953,occupancy_or_vacancy_date,occupancy_after_signature,2025-12-01,reported occupancy date follows signature date
-8086490020403637520,signature_date,invalid_date,0001/01/01,invalid or outside accepted year range
-8131822770471794233,occupancy_or_vacancy_date,occupancy_after_signature,2024-09-18,reported occupancy date follows signature date
-8098823988658167806,occupancy_or_vacancy_date,invalid_date,0022/05/01,invalid or outside accepted year range
-8145097927278274668,occupancy_or_vacancy_date,occupancy_after_signature,2023-12-19,reported occupancy date follows signature date
-8104696026250098555,occupancy_or_vacancy_date,occupancy_after_signature,2022-10-03,reported occupancy date follows signature date
-8133787787288530977,occupancy_or_vacancy_date,occupancy_after_signature,2025-05-31,reported occupancy date follows signature date
-8127911963036837307,occupancy_or_vacancy_date,occupancy_after_signature,2022-07-15,reported occupancy date follows signature date
-8039748020996869751,occupancy_or_vacancy_date,occupancy_after_signature,2024-12-08,reported occupancy date follows signature date
-8070987756514687445,occupancy_or_vacancy_date,occupancy_after_signature,2024-11-29,reported occupancy date follows signature date
-8052320000976388358,occupancy_or_vacancy_date,occupancy_after_signature,2025-11-01,reported occupancy date follows signature date
-8024333444450118655,bedroom_count,unparseable_category,2A,retained as raw label
-8033500927722410662,occupancy_or_vacancy_date,occupancy_after_signature,2024-03-01,reported occupancy date follows signature date
-8074798307405044444,occupancy_or_vacancy_date,occupancy_after_signature,2024-07-01,reported occupancy date follows signature date
-8043626823107159487,occupancy_or_vacancy_date,occupancy_after_signature,2022-12-27,reported occupancy date follows signature date
-8061150255494575034,occupancy_or_vacancy_date,occupancy_after_signature,2023-02-15,reported occupancy date follows signature date
-8038190407434025661,occupancy_or_vacancy_date,occupancy_after_signature,2023-02-26,reported occupancy date follows signature date
-8045962863050564008,occupancy_or_vacancy_date,occupancy_after_signature,2024-03-15,reported occupancy date follows signature date
-7964482148724623423,vacancy_date,invalid_date,0026/02/05,invalid or outside accepted year range
-8000169596973541829,signature_date,invalid_date,0001/01/01,invalid or outside accepted year range
-7982521653908916096,vacancy_date,invalid_date,0223/10/01,invalid or outside accepted year range
-7972566240089336260,occupancy_or_vacancy_date,occupancy_after_signature,2023-03-01,reported occupancy date follows signature date
-7964948521364776718,vacancy_date,invalid_date,0023/01/14,invalid or outside accepted year range
-7955053338634347290,occupancy_or_vacancy_date,occupancy_after_signature,2023-03-01,reported occupancy date follows signature date
-7987804590288244524,occupancy_or_vacancy_date,occupancy_after_signature,2024-05-01,reported occupancy date follows signature date
-7986103043299347462,occupancy_or_vacancy_date,occupancy_after_signature,2024-06-15,reported occupancy date follows signature date
-7948747165462288256,occupancy_or_vacancy_date,occupancy_after_signature,2025-08-15,reported occupancy date follows signature date
-7946429347129963251,occupancy_or_vacancy_date,occupancy_after_signature,2025-02-24,reported occupancy date follows signature date
-7987175586260873762,occupancy_or_vacancy_date,occupancy_after_signature,2023-07-22,reported occupancy date follows signature date
-7948199040035409041,occupancy_or_vacancy_date,invalid_date,1899/12/31,invalid or outside accepted year range
-7912244294501846287,occupancy_or_vacancy_date,invalid_date,0123/08/15,invalid or outside accepted year range
-7905180053721465981,occupancy_or_vacancy_date,occupancy_after_signature,2022-06-27,reported occupancy date follows signature date
-7903735417646886563,occupancy_or_vacancy_date,occupancy_after_signature,2022-07-22,reported occupancy date follows signature date
-7934259196138824818,signature_date,invalid_date,0001/01/01,invalid or outside accepted year range
-7881717319203536947,occupancy_or_vacancy_date,occupancy_after_signature,2023-08-19,reported occupancy date follows signature date
-7881937877040284582,occupancy_or_vacancy_date,occupancy_after_signature,2025-02-01,reported occupancy date follows signature date
-7887438805999519591,occupancy_or_vacancy_date,invalid_date,0022/09/01,invalid or outside accepted year range
-7886892965249825228,occupancy_or_vacancy_date,occupancy_after_signature,2023-03-08,reported occupancy date follows signature date
-7876773609781328676,occupancy_or_vacancy_date,occupancy_after_signature,2022-08-31,reported occupancy date follows signature date
-7872400872363746563,signature_date,invalid_date,0001/01/01,invalid or outside accepted year range
-7891635597034997514,occupancy_or_vacancy_date,occupancy_after_signature,2026-06-01,reported occupancy date follows signature date
-7868461458527589138,occupancy_or_vacancy_date,occupancy_after_signature,2022-12-15,reported occupancy date follows signature date
-7813969193837533693,occupancy_or_vacancy_date,invalid_date,0987/01/01,invalid or outside accepted year range
-7861937629445340675,occupancy_or_vacancy_date,invalid_date,0201/06/01,invalid or outside accepted year range
-7849756685305512241,occupancy_or_vacancy_date,occupancy_after_signature,2026-02-01,reported occupancy date follows signature date
-7845932044876357483,occupancy_or_vacancy_date,occupancy_after_signature,2024-02-23,reported occupancy date follows signature date
-7836109989805040138,occupancy_or_vacancy_date,occupancy_after_signature,2024-07-05,reported occupancy date follows signature date
-7815300833247999052,occupancy_or_vacancy_date,occupancy_after_signature,2026-04-01,reported occupancy date follows signature date
-7801969455173809881,signature_date,invalid_date,0001/01/01,invalid or outside accepted year range
-7826685172122883750,occupancy_or_vacancy_date,occupancy_after_signature,2026-06-15,reported occupancy date follows signature date
-7806293626179435586,occupancy_or_vacancy_date,invalid_date,0222/07/30,invalid or outside accepted year range
-7793941227728439054,occupancy_or_vacancy_date,occupancy_after_signature,2023-03-15,reported occupancy date follows signature date
-7863873669853732009,occupancy_or_vacancy_date,occupancy_after_signature,2025-12-08,reported occupancy date follows signature date
-7849520597675135035,occupancy_or_vacancy_date,occupancy_after_signature,2024-03-01,reported occupancy date follows signature date
-7836706095515685259,signature_date,invalid_date,0001/01/01,invalid or outside accepted year range
-7830226079021796174,occupancy_or_vacancy_date,occupancy_after_signature,2022-07-15,reported occupancy date follows signature date
-7821882356613809710,occupancy_or_vacancy_date,occupancy_after_signature,2023-12-23,reported occupancy date follows signature date
-7808990773972305377,occupancy_or_vacancy_date,occupancy_after_signature,2022-12-27,reported occupancy date follows signature date
-7748655925542872503,occupancy_or_vacancy_date,occupancy_after_signature,2023-04-23,reported occupancy date follows signature date
-7734097286599177263,occupancy_or_vacancy_date,occupancy_after_signature,2024-01-01,reported occupancy date follows signature date
-7776218486754140153,occupancy_or_vacancy_date,occupancy_after_signature,2025-12-01,reported occupancy date follows signature date
-7777463063007668898,occupancy_or_vacancy_date,occupancy_after_signature,2024-05-02,reported occupancy date follows signature date
-7755388452019339141,occupancy_or_vacancy_date,occupancy_after_signature,2023-01-15,reported occupancy date follows signature date
-7787578359609073267,occupancy_or_vacancy_date,invalid_date,0084/04/01,invalid or outside accepted year range
-7784453653943193827,occupancy_or_vacancy_date,occupancy_after_signature,2026-06-20,reported occupancy date follows signature date
-7783741393917752008,occupancy_or_vacancy_date,invalid_date,0202/01/07,invalid or outside accepted year range
-7717767504044926093,occupancy_or_vacancy_date,occupancy_after_signature,2023-03-15,reported occupancy date follows signature date
-7715688771498407915,occupancy_or_vacancy_date,occupancy_after_signature,2024-04-01,reported occupancy date follows signature date
-7690679471263660895,occupancy_or_vacancy_date,occupancy_after_signature,2023-07-09,reported occupancy date follows signature date
-7672114663400244931,occupancy_or_vacancy_date,occupancy_after_signature,2024-09-18,reported occupancy date follows signature date
-7668593199766491846,occupancy_or_vacancy_date,invalid_date,0202/04/01,invalid or outside accepted year range
-7684895007426567412,occupancy_or_vacancy_date,occupancy_after_signature,2024-03-01,reported occupancy date follows signature date
-7657069615687637637,occupancy_or_vacancy_date,occupancy_after_signature,2025-06-15,reported occupancy date follows signature date
-7718114005279145990,occupancy_or_vacancy_date,occupancy_after_signature,2022-07-01,reported occupancy date follows signature date
-7698269433064531509,occupancy_or_vacancy_date,occupancy_after_signature,2022-09-01,reported occupancy date follows signature date
-7688028480778721218,vacancy_date,invalid_date,0023/01/07,invalid or outside accepted year range
-7622679012837035680,occupancy_or_vacancy_date,occupancy_after_signature,2023-02-25,reported occupancy date follows signature date
-7609298705721241470,occupancy_or_vacancy_date,occupancy_after_signature,2024-03-01,reported occupancy date follows signature date
-7583900850227106058,occupancy_or_vacancy_date,occupancy_after_signature,2025-01-17,reported occupancy date follows signature date
-7638357285750844086,occupancy_or_vacancy_date,occupancy_after_signature,2024-02-24,reported occupancy date follows signature date
-7622749605743429283,occupancy_or_vacancy_date,occupancy_after_signature,2022-08-15,reported occupancy date follows signature date
-7645707477396545568,occupancy_or_vacancy_date,invalid_date,2340/01/19,invalid or outside accepted year range
-7624655543219880192,occupancy_or_vacancy_date,occupancy_after_signature,2026-01-04,reported occupancy date follows signature date
-7585171188101279112,occupancy_or_vacancy_date,occupancy_after_signature,2026-04-09,reported occupancy date follows signature date
-7552006979615506774,occupancy_or_vacancy_date,occupancy_after_signature,2025-07-24,reported occupancy date follows signature date
-7520840348336793876,vacancy_date,invalid_date,0023/12/30,invalid or outside accepted year range
-7509887059296238717,occupancy_or_vacancy_date,occupancy_after_signature,2023-02-11,reported occupancy date follows signature date
-7559908596200776449,occupancy_or_vacancy_date,occupancy_after_signature,2025-10-18,reported occupancy date follows signature date
-7572825527342432865,occupancy_or_vacancy_date,occupancy_after_signature,2025-09-01,reported occupancy date follows signature date
-7513087560119776699,occupancy_or_vacancy_date,occupancy_after_signature,2023-02-25,reported occupancy date follows signature date
-7526966557513632236,occupancy_or_vacancy_date,invalid_date,3984/02/27,invalid or outside accepted year range
-7530203498412471637,occupancy_or_vacancy_date,occupancy_after_signature,2023-01-14,reported occupancy date follows signature date
-7522693910393243260,signature_date,invalid_date,0001/01/01,invalid or outside accepted year range
-7466105782806865031,occupancy_or_vacancy_date,occupancy_after_signature,2024-08-08,reported occupancy date follows signature date
-7433460317049931276,occupancy_or_vacancy_date,occupancy_after_signature,2025-03-01,reported occupancy date follows signature date
-7447013353590993800,occupancy_or_vacancy_date,occupancy_after_signature,2026-02-27,reported occupancy date follows signature date
-7486434605867074534,occupancy_or_vacancy_date,occupancy_after_signature,2024-11-04,reported occupancy date follows signature date
-7464148190335794594,occupancy_or_vacancy_date,occupancy_after_signature,2023-07-15,reported occupancy date follows signature date
-7472771229277363777,occupancy_or_vacancy_date,occupancy_after_signature,2023-02-25,reported occupancy date follows signature date
-7471020875611121881,occupancy_or_vacancy_date,occupancy_after_signature,2023-11-24,reported occupancy date follows signature date
-7480879219623273384,occupancy_or_vacancy_date,occupancy_after_signature,2023-04-17,reported occupancy date follows signature date
-7476550456682866583,bathroom_count,unparseable_category,1bathroom,retained as raw label
-7464738656072812513,occupancy_or_vacancy_date,occupancy_after_signature,2023-03-01,reported occupancy date follows signature date
-7444771517640421500,occupancy_or_vacancy_date,occupancy_after_signature,2025-07-24,reported occupancy date follows signature date
-7443804151172348269,occupancy_or_vacancy_date,occupancy_after_signature,2023-06-01,reported occupancy date follows signature date
-7440675994968549673,occupancy_or_vacancy_date,occupancy_after_signature,2022-07-01,reported occupancy date follows signature date
-7477609004013461716,occupancy_or_vacancy_date,occupancy_after_signature,2022-12-27,reported occupancy date follows signature date
-7457400833698608644,occupancy_or_vacancy_date,occupancy_after_signature,2025-11-15,reported occupancy date follows signature date
-7436091049423897355,occupancy_or_vacancy_date,occupancy_after_signature,2024-07-19,reported occupancy date follows signature date
-7423017361248125777,occupancy_or_vacancy_date,occupancy_after_signature,2025-12-15,reported occupancy date follows signature date
-7412735711226556214,occupancy_or_vacancy_date,occupancy_after_signature,2025-02-21,reported occupancy date follows signature date
-7369199007700085662,bedroom_count,unparseable_category,1U,retained as raw label
-7361309257231409717,occupancy_or_vacancy_date,occupancy_after_signature,2026-02-28,reported occupancy date follows signature date
-7369589745245166862,occupancy_or_vacancy_date,occupancy_after_signature,2023-03-01,reported occupancy date follows signature date
-7425185152479614693,vacancy_date,invalid_date,2027/04/14,invalid or outside accepted year range
-7386048919704454090,occupancy_or_vacancy_date,occupancy_after_signature,2026-02-01,reported occupancy date follows signature date
-7385848775154821571,bedroom_count,unparseable_category,2U,retained as raw label
-7365615375842535241,occupancy_or_vacancy_date,occupancy_after_signature,2026-02-28,reported occupancy date follows signature date
-7384759218111652959,occupancy_or_vacancy_date,occupancy_after_signature,2023-03-01,reported occupancy date follows signature date
-7370614706879443004,occupancy_or_vacancy_date,occupancy_after_signature,2025-05-01,reported occupancy date follows signature date
-7413199988613928494,occupancy_or_vacancy_date,occupancy_after_signature,2025-07-02,reported occupancy date follows signature date
-7367505202758814559,occupancy_or_vacancy_date,occupancy_after_signature,2022-12-27,reported occupancy date follows signature date
-7345740571404499267,occupancy_or_vacancy_date,occupancy_after_signature,2023-02-01,reported occupancy date follows signature date
-7327895014081231050,occupancy_or_vacancy_date,occupancy_after_signature,2025-04-01,reported occupancy date follows signature date
-7336591589534107606,occupancy_or_vacancy_date,occupancy_after_signature,2026-05-01,reported occupancy date follows signature date
-7334259838321204092,occupancy_or_vacancy_date,occupancy_after_signature,2022-10-01,reported occupancy date follows signature date
-7300125401892793253,vacancy_date,invalid_date,0024/02/18,invalid or outside accepted year range
-7325182366889380505,occupancy_or_vacancy_date,occupancy_after_signature,2025-02-15,reported occupancy date follows signature date
-7287365506740926010,occupancy_or_vacancy_date,invalid_date,0206/07/25,invalid or outside accepted year range
-7340433203152230609,occupancy_or_vacancy_date,occupancy_after_signature,2025-05-23,reported occupancy date follows signature date
-7338317274145542956,occupancy_or_vacancy_date,occupancy_after_signature,2023-03-01,reported occupancy date follows signature date
-7334081020090416990,occupancy_or_vacancy_date,occupancy_after_signature,2024-04-01,reported occupancy date follows signature date
-7323375377998700382,occupancy_or_vacancy_date,occupancy_after_signature,2024-08-26,reported occupancy date follows signature date
-7238391211069993055,bathroom_count,unparseable_category,1 bedroom,retained as raw label
-7236674783079761777,occupancy_or_vacancy_date,occupancy_after_signature,2025-11-22,reported occupancy date follows signature date
-7281919850983740650,occupancy_or_vacancy_date,occupancy_after_signature,2023-04-01,reported occupancy date follows signature date
-7281835172833159315,occupancy_or_vacancy_date,occupancy_after_signature,2023-03-09,reported occupancy date follows signature date
-7262869538513141667,occupancy_or_vacancy_date,occupancy_after_signature,2023-04-01,reported occupancy date follows signature date
-7265533059242188553,occupancy_or_vacancy_date,occupancy_after_signature,2024-05-01,reported occupancy date follows signature date
-7247314233472637663,occupancy_or_vacancy_date,occupancy_after_signature,2023-02-10,reported occupancy date follows signature date
-7228002897335758516,occupancy_or_vacancy_date,occupancy_after_signature,2025-09-06,reported occupancy date follows signature date
-7219284996295371771,occupancy_or_vacancy_date,occupancy_after_signature,2023-02-28,reported occupancy date follows signature date
-7218793592174681969,occupancy_or_vacancy_date,occupancy_after_signature,2024-10-24,reported occupancy date follows signature date
-7260105193221094457,signature_date,invalid_date,0001/01/01,invalid or outside accepted year range
-7236658745263786871,occupancy_or_vacancy_date,occupancy_after_signature,2024-02-01,reported occupancy date follows signature date
-7254005340777681335,occupancy_or_vacancy_date,occupancy_after_signature,2026-02-16,reported occupancy date follows signature date
-7218963709725382141,occupancy_or_vacancy_date,occupancy_after_signature,2023-02-25,reported occupancy date follows signature date
-7182152462614604264,occupancy_or_vacancy_date,occupancy_after_signature,2025-04-16,reported occupancy date follows signature date
-7178252464250027895,occupancy_or_vacancy_date,occupancy_after_signature,2023-04-04,reported occupancy date follows signature date
-7169664976577056482,occupancy_or_vacancy_date,occupancy_after_signature,2024-04-01,reported occupancy date follows signature date
-7158292279930393924,occupancy_or_vacancy_date,occupancy_after_signature,2026-09-02,reported occupancy date follows signature date
-7138663993484005164,vacancy_date,invalid_date,0024/02/15,invalid or outside accepted year range
-7158429123529331996,occupancy_or_vacancy_date,occupancy_after_signature,2024-04-15,reported occupancy date follows signature date
-7193544679703921537,occupancy_or_vacancy_date,invalid_date,0202/12/18,invalid or outside accepted year range
-7187972414484095091,bedroom_count,unparseable_category,2S,retained as raw label
-7210134463422202090,occupancy_or_vacancy_date,invalid_date,0202/07/15,invalid or outside accepted year range
-7205748937036829899,occupancy_or_vacancy_date,occupancy_after_signature,2023-07-05,reported occupancy date follows signature date
-7193322576699550780,occupancy_or_vacancy_date,occupancy_after_signature,2025-03-01,reported occupancy date follows signature date
-7208044276365272819,occupancy_or_vacancy_date,occupancy_after_signature,2022-08-01,reported occupancy date follows signature date
-7151623730531549963,occupancy_or_vacancy_date,occupancy_after_signature,2026-02-13,reported occupancy date follows signature date
-7111086713833896684,occupancy_or_vacancy_date,occupancy_after_signature,2025-05-26,reported occupancy date follows signature date
-7087382170232020642,occupancy_or_vacancy_date,occupancy_after_signature,2024-12-01,reported occupancy date follows signature date
-7081284016183324172,occupancy_or_vacancy_date,occupancy_after_signature,2025-03-01,reported occupancy date follows signature date
-7079164012820689359,occupancy_or_vacancy_date,invalid_date,2531/09/13,invalid or outside accepted year range
-7107584592682177922,occupancy_or_vacancy_date,occupancy_after_signature,2025-02-22,reported occupancy date follows signature date
-7107558149253398115,occupancy_or_vacancy_date,occupancy_after_signature,2022-07-19,reported occupancy date follows signature date
-7029484093402971639,signature_date,invalid_date,0001/01/01,invalid or outside accepted year range
-7019670643316661478,occupancy_or_vacancy_date,occupancy_after_signature,2025-10-27,reported occupancy date follows signature date
-7047173491223599357,occupancy_or_vacancy_date,invalid_date,1899/12/31,invalid or outside accepted year range
-7006474070922296242,occupancy_or_vacancy_date,occupancy_after_signature,2024-02-01,reported occupancy date follows signature date
-7065454439498984466,occupancy_or_vacancy_date,occupancy_after_signature,2025-03-01,reported occupancy date follows signature date
-7014696154122984755,occupancy_or_vacancy_date,occupancy_after_signature,2024-07-26,reported occupancy date follows signature date
-7043980203142679494,signature_date,invalid_date,0001/01/01,invalid or outside accepted year range
-7045921552597074071,occupancy_or_vacancy_date,occupancy_after_signature,2025-09-30,reported occupancy date follows signature date
-7040108735397246181,occupancy_or_vacancy_date,occupancy_after_signature,2024-06-01,reported occupancy date follows signature date
-6986964735834891245,signature_date,invalid_date,0001/01/01,invalid or outside accepted year range
-2088819889564293559,occupancy_or_vacancy_date,occupancy_after_signature,2025-12-27,reported occupancy date follows signature date
-2092383669007784927,occupancy_or_vacancy_date,occupancy_after_signature,2025-03-07,reported occupancy date follows signature date
-2084019564370094975,occupancy_or_vacancy_date,occupancy_after_signature,2022-07-01,reported occupancy date follows signature date
-2049265978434070692,occupancy_or_vacancy_date,occupancy_after_signature,2026-11-02,reported occupancy date follows signature date
-2054408696755746604,occupancy_or_vacancy_date,occupancy_after_signature,2024-12-30,reported occupancy date follows signature date
-2051130623740670122,occupancy_or_vacancy_date,occupancy_after_signature,2024-02-18,reported occupancy date follows signature date
-2005312388200919913,occupancy_or_vacancy_date,occupancy_after_signature,2024-02-27,reported occupancy date follows signature date
-2042482832589812575,occupancy_or_vacancy_date,occupancy_after_signature,2025-08-01,reported occupancy date follows signature date
-2026142074053301038,occupancy_or_vacancy_date,occupancy_after_signature,2025-07-13,reported occupancy date follows signature date
-2007600069848788066,occupancy_or_vacancy_date,occupancy_after_signature,2023-03-01,reported occupancy date follows signature date
-2034627770587274964,occupancy_or_vacancy_date,occupancy_after_signature,2025-08-01,reported occupancy date follows signature date
-2014223296463464717,occupancy_or_vacancy_date,occupancy_after_signature,2023-11-01,reported occupancy date follows signature date
-2001039739508635783,occupancy_or_vacancy_date,occupancy_after_signature,2024-02-22,reported occupancy date follows signature date
-1978550103666297079,occupancy_or_vacancy_date,occupancy_after_signature,2026-02-14,reported occupancy date follows signature date
-2026224788944019225,occupancy_or_vacancy_date,occupancy_after_signature,2022-11-06,reported occupancy date follows signature date
-2035357598741326967,occupancy_or_vacancy_date,occupancy_after_signature,2025-03-15,reported occupancy date follows signature date
-1989373916839426747,occupancy_or_vacancy_date,occupancy_after_signature,2024-06-01,reported occupancy date follows signature date
-2029020299823629091,occupancy_or_vacancy_date,occupancy_after_signature,2022-10-06,reported occupancy date follows signature date
-1995717935624502969,occupancy_or_vacancy_date,occupancy_after_signature,2024-03-01,reported occupancy date follows signature date
-1982978623331938045,occupancy_or_vacancy_date,occupancy_after_signature,2023-02-24,reported occupancy date follows signature date
-2019366582648256632,occupancy_or_vacancy_date,occupancy_after_signature,2026-03-13,reported occupancy date follows signature date
-1970886046617211904,occupancy_or_vacancy_date,occupancy_after_signature,2024-05-01,reported occupancy date follows signature date
-1943033488157802814,occupancy_or_vacancy_date,occupancy_after_signature,2024-08-04,reported occupancy date follows signature date
-1932143757565840952,occupancy_or_vacancy_date,occupancy_after_signature,2022-07-15,reported occupancy date follows signature date
-1908161003716795144,occupancy_or_vacancy_date,occupancy_after_signature,2025-01-27,reported occupancy date follows signature date
-1919244627877829119,occupancy_or_vacancy_date,occupancy_after_signature,2026-03-01,reported occupancy date follows signature date
-1869512429694486764,occupancy_or_vacancy_date,occupancy_after_signature,2024-03-01,reported occupancy date follows signature date
-1868935737474550504,occupancy_or_vacancy_date,occupancy_after_signature,2022-09-16,reported occupancy date follows signature date
-1860169761641502640,occupancy_or_vacancy_date,occupancy_after_signature,2022-11-03,reported occupancy date follows signature date
-1905158453707346126,occupancy_or_vacancy_date,occupancy_after_signature,2024-04-15,reported occupancy date follows signature date
-1867294954091480898,occupancy_or_vacancy_date,occupancy_after_signature,2024-03-09,reported occupancy date follows signature date
-1886881186262294099,occupancy_or_vacancy_date,invalid_date,2505/09/11,invalid or outside accepted year range
-1875865199879523523,occupancy_or_vacancy_date,occupancy_after_signature,2023-03-01,reported occupancy date follows signature date
-1841096113108538875,occupancy_or_vacancy_date,occupancy_after_signature,2023-08-01,reported occupancy date follows signature date
-1863585651679456022,occupancy_or_vacancy_date,invalid_date,1899/12/31,invalid or outside accepted year range
-1786769125031846467,occupancy_or_vacancy_date,occupancy_after_signature,2026-06-23,reported occupancy date follows signature date
-1803803380011276664,occupancy_or_vacancy_date,occupancy_after_signature,2024-09-24,reported occupancy date follows signature date
-1786638738743276249,occupancy_or_vacancy_date,occupancy_after_signature,2026-02-01,reported occupancy date follows signature date
-1825203046829913366,signature_date,invalid_date,0001/01/01,invalid or outside accepted year range
-1775179654234064108,occupancy_or_vacancy_date,occupancy_after_signature,2026-02-01,reported occupancy date follows signature date
-1799553705590253313,occupancy_or_vacancy_date,invalid_date,0018/07/01,invalid or outside accepted year range
-1792600672694757736,occupancy_or_vacancy_date,occupancy_after_signature,2024-07-12,reported occupancy date follows signature date
-1814323105187090323,occupancy_or_vacancy_date,occupancy_after_signature,2022-08-15,reported occupancy date follows signature date
-1802482881573170732,occupancy_or_vacancy_date,occupancy_after_signature,2025-01-01,reported occupancy date follows signature date
-1800056695149204535,occupancy_or_vacancy_date,occupancy_after_signature,2024-03-02,reported occupancy date follows signature date
-1831278603821441534,signature_date,invalid_date,0001/01/01,invalid or outside accepted year range
-1793577114375426789,occupancy_or_vacancy_date,occupancy_after_signature,2026-06-02,reported occupancy date follows signature date
-1754039123240697969,occupancy_or_vacancy_date,occupancy_after_signature,2024-09-15,reported occupancy date follows signature date
-1732023835910116113,occupancy_or_vacancy_date,occupancy_after_signature,2023-08-10,reported occupancy date follows signature date
-1702397282410581365,vacancy_date,invalid_date,0022/10/21,invalid or outside accepted year range
-1734655752837529110,signature_date,invalid_date,0001/01/01,invalid or outside accepted year range
-1757595110325959976,occupancy_or_vacancy_date,invalid_date,1012/08/11,invalid or outside accepted year range
-1751113982605173367,signature_date,invalid_date,0001/01/01,invalid or outside accepted year range
-1727923368910728555,occupancy_or_vacancy_date,occupancy_after_signature,2024-03-22,reported occupancy date follows signature date
-1704495374854786304,signature_date,invalid_date,0001/01/01,invalid or outside accepted year range
-1699156747968434810,occupancy_or_vacancy_date,occupancy_after_signature,2025-03-01,reported occupancy date follows signature date
-1757308175075989899,occupancy_or_vacancy_date,occupancy_after_signature,2025-08-01,reported occupancy date follows signature date
-1695638791376842240,occupancy_or_vacancy_date,occupancy_after_signature,2025-04-01,reported occupancy date follows signature date
-1755376399021706516,vacancy_date,invalid_date,0024/02/10,invalid or outside accepted year range
-1713321923397315406,occupancy_or_vacancy_date,occupancy_after_signature,2024-03-01,reported occupancy date follows signature date
-1705631512744255555,occupancy_or_vacancy_date,invalid_date,2504/04/17,invalid or outside accepted year range
-1731707852226737005,bedroom_count,unparseable_category,1U,retained as raw label
-1646957332806929657,occupancy_or_vacancy_date,occupancy_after_signature,2023-03-01,reported occupancy date follows signature date
-1646577351744471538,occupancy_or_vacancy_date,occupancy_after_signature,2024-03-01,reported occupancy date follows signature date
-1639326780739877132,occupancy_or_vacancy_date,occupancy_after_signature,2023-03-01,reported occupancy date follows signature date
-1630730136633644842,occupancy_or_vacancy_date,occupancy_after_signature,2024-10-01,reported occupancy date follows signature date
-1633831510981038447,occupancy_or_vacancy_date,occupancy_after_signature,2025-01-30,reported occupancy date follows signature date
-1690115104222264252,signature_date,invalid_date,0001/01/01,invalid or outside accepted year range
-1642552613599763616,occupancy_or_vacancy_date,occupancy_after_signature,2024-09-01,reported occupancy date follows signature date
-1635649744612596199,vacancy_date,invalid_date,0024/01/16,invalid or outside accepted year range
-1678855035765289724,occupancy_or_vacancy_date,occupancy_after_signature,2022-12-12,reported occupancy date follows signature date
-1658599962936392405,occupancy_or_vacancy_date,occupancy_after_signature,2024-03-05,reported occupancy date follows signature date
-1633007932950416151,occupancy_or_vacancy_date,occupancy_after_signature,2025-10-12,reported occupancy date follows signature date
-1607281043125819580,occupancy_or_vacancy_date,occupancy_after_signature,2024-07-01,reported occupancy date follows signature date
-1608486310150761560,occupancy_or_vacancy_date,occupancy_after_signature,2023-03-01,reported occupancy date follows signature date
-1553764896046610858,signature_date,invalid_date,0001/01/01,invalid or outside accepted year range
-1548315589626566495,occupancy_or_vacancy_date,occupancy_after_signature,2024-05-25,reported occupancy date follows signature date
-1582621988896130466,occupancy_or_vacancy_date,occupancy_after_signature,2026-02-02,reported occupancy date follows signature date
-1586157544345830712,occupancy_or_vacancy_date,occupancy_after_signature,2024-06-01,reported occupancy date follows signature date
-1559476480075933153,vacancy_date,invalid_date,2027/06/02,invalid or outside accepted year range
-1553402326976665128,occupancy_or_vacancy_date,occupancy_after_signature,2025-03-15,reported occupancy date follows signature date
-1573526296022275671,occupancy_or_vacancy_date,occupancy_after_signature,2023-03-01,reported occupancy date follows signature date
-1575284677665068990,occupancy_or_vacancy_date,occupancy_after_signature,2025-03-01,reported occupancy date follows signature date
-1606196599476840809,occupancy_or_vacancy_date,occupancy_after_signature,2023-03-19,reported occupancy date follows signature date
-1472160694777997825,occupancy_or_vacancy_date,occupancy_after_signature,2024-09-18,reported occupancy date follows signature date
-1543027750374018719,occupancy_or_vacancy_date,occupancy_after_signature,2023-04-22,reported occupancy date follows signature date
-1506638028046953501,occupancy_or_vacancy_date,occupancy_after_signature,2024-03-01,reported occupancy date follows signature date
-1505072167903140478,occupancy_or_vacancy_date,occupancy_after_signature,2024-07-01,reported occupancy date follows signature date
-1489116322162602090,occupancy_or_vacancy_date,occupancy_after_signature,2023-03-01,reported occupancy date follows signature date
-1537949225514114119,occupancy_or_vacancy_date,occupancy_after_signature,2026-02-21,reported occupancy date follows signature date
-1481091286224031491,occupancy_or_vacancy_date,occupancy_after_signature,2024-03-05,reported occupancy date follows signature date
-1510163987699120516,vacancy_date,invalid_date,1899/12/30,invalid or outside accepted year range
-1513270862914973534,occupancy_or_vacancy_date,occupancy_after_signature,2024-09-20,reported occupancy date follows signature date
-1445829674643660409,occupancy_or_vacancy_date,occupancy_after_signature,2026-06-09,reported occupancy date follows signature date
-1432088730425066984,occupancy_or_vacancy_date,occupancy_after_signature,2025-02-20,reported occupancy date follows signature date
-1422726376844671935,occupancy_or_vacancy_date,occupancy_after_signature,2022-12-03,reported occupancy date follows signature date
-1466589636325464708,occupancy_or_vacancy_date,occupancy_after_signature,2022-12-27,reported occupancy date follows signature date
-1439688063965666797,occupancy_or_vacancy_date,occupancy_after_signature,2022-12-27,reported occupancy date follows signature date
-1471486467785589719,occupancy_or_vacancy_date,occupancy_after_signature,2022-12-15,reported occupancy date follows signature date
-1411738979877662573,occupancy_or_vacancy_date,occupancy_after_signature,2023-07-01,reported occupancy date follows signature date
-1464937720458600784,occupancy_or_vacancy_date,occupancy_after_signature,2023-03-08,reported occupancy date follows signature date
-1394028705475446090,occupancy_or_vacancy_date,occupancy_after_signature,2023-05-01,reported occupancy date follows signature date
-1388476683398323638,signature_date,invalid_date,0001/01/01,invalid or outside accepted year range
-1352198755256144009,vacancy_date,invalid_date,0023/12/15,invalid or outside accepted year range
-1369330579739327076,occupancy_or_vacancy_date,occupancy_after_signature,2024-07-29,reported occupancy date follows signature date
-1377330486195479883,occupancy_or_vacancy_date,occupancy_after_signature,2025-03-10,reported occupancy date follows signature date
-1343809029308887574,occupancy_or_vacancy_date,invalid_date,3984/02/04,invalid or outside accepted year range
-1367250139355353797,occupancy_or_vacancy_date,invalid_date,1022/07/01,invalid or outside accepted year range
-1363314335311934248,occupancy_or_vacancy_date,occupancy_after_signature,2024-02-01,reported occupancy date follows signature date
-1381443621248332817,occupancy_or_vacancy_date,occupancy_after_signature,2025-06-01,reported occupancy date follows signature date
-1361452723272519673,occupancy_or_vacancy_date,occupancy_after_signature,2025-06-01,reported occupancy date follows signature date
-1390888707072733789,occupancy_or_vacancy_date,occupancy_after_signature,2025-06-25,reported occupancy date follows signature date
-1342516485240460841,occupancy_or_vacancy_date,occupancy_after_signature,2023-04-16,reported occupancy date follows signature date
-1299860248280918172,occupancy_or_vacancy_date,occupancy_after_signature,2025-09-24,reported occupancy date follows signature date
-1294461512974618654,occupancy_or_vacancy_date,occupancy_after_signature,2022-07-17,reported occupancy date follows signature date
-1262827680341592959,occupancy_or_vacancy_date,invalid_date,2612/10/04,invalid or outside accepted year range
-1304110720694785147,occupancy_or_vacancy_date,occupancy_after_signature,2024-07-03,reported occupancy date follows signature date
-1265588652432828355,occupancy_or_vacancy_date,occupancy_after_signature,2024-09-14,reported occupancy date follows signature date
-1324394798205072379,occupancy_or_vacancy_date,occupancy_after_signature,2023-06-01,reported occupancy date follows signature date
-1276703785833070857,occupancy_or_vacancy_date,occupancy_after_signature,2025-04-01,reported occupancy date follows signature date
-1254752703580050296,occupancy_or_vacancy_date,invalid_date,1899/12/31,invalid or outside accepted year range
-1241829851843428166,occupancy_or_vacancy_date,occupancy_after_signature,2026-04-03,reported occupancy date follows signature date
-1186466153772431227,occupancy_or_vacancy_date,occupancy_after_signature,2025-05-09,reported occupancy date follows signature date
-1250473615968403295,occupancy_or_vacancy_date,occupancy_after_signature,2026-04-01,reported occupancy date follows signature date
-1231702658175430541,occupancy_or_vacancy_date,occupancy_after_signature,2026-07-31,reported occupancy date follows signature date
-1241104275002034986,signature_date,invalid_date,0001/01/01,invalid or outside accepted year range
-1214292304519408874,occupancy_or_vacancy_date,occupancy_after_signature,2023-04-04,reported occupancy date follows signature date
-1236567203130551516,occupancy_or_vacancy_date,invalid_date,2503/10/06,invalid or outside accepted year range
-1243418245591369005,occupancy_or_vacancy_date,invalid_date,1899/12/31,invalid or outside accepted year range
-1151924660489686845,occupancy_or_vacancy_date,occupancy_after_signature,2024-10-01,reported occupancy date follows signature date
-1144227128352500415,occupancy_or_vacancy_date,occupancy_after_signature,2023-03-01,reported occupancy date follows signature date
-1140948536572941260,occupancy_or_vacancy_date,occupancy_after_signature,2023-03-01,reported occupancy date follows signature date
-1111496588631888640,occupancy_or_vacancy_date,occupancy_after_signature,2024-08-17,reported occupancy date follows signature date
-1170219170161430199,occupancy_or_vacancy_date,occupancy_after_signature,2022-06-15,reported occupancy date follows signature date
-1155893927221622108,signature_date,invalid_date,0001/01/01,invalid or outside accepted year range
-1129826723871964897,occupancy_or_vacancy_date,occupancy_after_signature,2022-07-31,reported occupancy date follows signature date
-1123128122203277944,occupancy_or_vacancy_date,occupancy_after_signature,2022-07-25,reported occupancy date follows signature date
-1149621921086304085,occupancy_or_vacancy_date,occupancy_after_signature,2024-04-10,reported occupancy date follows signature date
-1149223545424844413,occupancy_or_vacancy_date,occupancy_after_signature,2024-02-01,reported occupancy date follows signature date
-1114800621348094315,occupancy_or_vacancy_date,occupancy_after_signature,2023-02-15,reported occupancy date follows signature date
-1147280460860002041,occupancy_or_vacancy_date,occupancy_after_signature,2023-03-04,reported occupancy date follows signature date
-1127198021701188722,occupancy_or_vacancy_date,occupancy_after_signature,2026-02-15,reported occupancy date follows signature date
-1122226445588945423,occupancy_or_vacancy_date,occupancy_after_signature,2023-09-21,reported occupancy date follows signature date
-1108184042984684684,vacancy_date,invalid_date,0024/01/16,invalid or outside accepted year range
-1092110061312942869,occupancy_or_vacancy_date,occupancy_after_signature,2022-08-01,reported occupancy date follows signature date
-1072452529616190996,occupancy_or_vacancy_date,occupancy_after_signature,2023-03-01,reported occupancy date follows signature date
-1105428498530059363,occupancy_or_vacancy_date,occupancy_after_signature,2022-07-01,reported occupancy date follows signature date
-1044184783749063436,occupancy_or_vacancy_date,occupancy_after_signature,2024-05-01,reported occupancy date follows signature date
-1052768984418164792,occupancy_or_vacancy_date,occupancy_after_signature,2024-03-01,reported occupancy date follows signature date
-1051162796358267312,occupancy_or_vacancy_date,occupancy_after_signature,2023-03-01,reported occupancy date follows signature date
-1052902375076560494,occupancy_or_vacancy_date,occupancy_after_signature,2022-07-01,reported occupancy date follows signature date
-1048498344478219770,occupancy_or_vacancy_date,occupancy_after_signature,2025-04-06,reported occupancy date follows signature date
-996755052472184011,occupancy_or_vacancy_date,occupancy_after_signature,2024-05-01,reported occupancy date follows signature date
-1019860844005233014,occupancy_or_vacancy_date,occupancy_after_signature,2023-03-24,reported occupancy date follows signature date
-1024231911533746729,occupancy_or_vacancy_date,occupancy_after_signature,2025-03-15,reported occupancy date follows signature date
-1002380865515797812,occupancy_or_vacancy_date,occupancy_after_signature,2026-02-20,reported occupancy date follows signature date
-995622225865257259,occupancy_or_vacancy_date,occupancy_after_signature,2023-05-29,reported occupancy date follows signature date
-1030093053446486327,occupancy_or_vacancy_date,occupancy_after_signature,2024-03-01,reported occupancy date follows signature date
-979766875876166764,occupancy_or_vacancy_date,occupancy_after_signature,2024-03-01,reported occupancy date follows signature date
-1023934376425505329,occupancy_or_vacancy_date,occupancy_after_signature,2022-11-01,reported occupancy date follows signature date
-1003429815318333851,occupancy_or_vacancy_date,occupancy_after_signature,2022-08-06,reported occupancy date follows signature date
-1008470260606283059,occupancy_or_vacancy_date,occupancy_after_signature,2025-12-09,reported occupancy date follows signature date
-1006175790215557190,occupancy_or_vacancy_date,occupancy_after_signature,2025-02-19,reported occupancy date follows signature date
-1017345197607187443,occupancy_or_vacancy_date,occupancy_after_signature,2023-03-01,reported occupancy date follows signature date
-1000724327213049825,occupancy_or_vacancy_date,occupancy_after_signature,2026-02-11,reported occupancy date follows signature date
-993976352097194726,occupancy_or_vacancy_date,occupancy_after_signature,2023-08-26,reported occupancy date follows signature date
-968164966492368262,occupancy_or_vacancy_date,occupancy_after_signature,2025-12-26,reported occupancy date follows signature date
-893169151487513860,bedroom_count,unparseable_category,Vacant,retained as raw label
-929491508785916861,occupancy_or_vacancy_date,invalid_date,1899/12/31,invalid or outside accepted year range
-892240802911448260,occupancy_or_vacancy_date,occupancy_after_signature,2025-10-01,reported occupancy date follows signature date
-960908116984187836,occupancy_or_vacancy_date,occupancy_after_signature,2024-11-23,reported occupancy date follows signature date
-951128232480098327,occupancy_or_vacancy_date,occupancy_after_signature,2025-08-15,reported occupancy date follows signature date
-935645658113360162,occupancy_or_vacancy_date,occupancy_after_signature,2026-09-01,reported occupancy date follows signature date
-910970723550573088,occupancy_or_vacancy_date,occupancy_after_signature,2025-08-01,reported occupancy date follows signature date
-960630304783594969,occupancy_or_vacancy_date,occupancy_after_signature,2023-06-01,reported occupancy date follows signature date
-953223570504880367,occupancy_or_vacancy_date,occupancy_after_signature,2024-06-10,reported occupancy date follows signature date
-934694127988300376,occupancy_or_vacancy_date,occupancy_after_signature,2023-05-24,reported occupancy date follows signature date
-846922481174671193,occupancy_or_vacancy_date,occupancy_after_signature,2023-02-10,reported occupancy date follows signature date
-844451101180983029,occupancy_or_vacancy_date,occupancy_after_signature,2025-07-28,reported occupancy date follows signature date
-836505231947765053,occupancy_or_vacancy_date,occupancy_after_signature,2024-04-19,reported occupancy date follows signature date
-836833230864499890,occupancy_or_vacancy_date,occupancy_after_signature,2022-06-29,reported occupancy date follows signature date
-823873001014486241,occupancy_or_vacancy_date,occupancy_after_signature,2026-02-21,reported occupancy date follows signature date
-834846687144103246,occupancy_or_vacancy_date,occupancy_after_signature,2024-02-17,reported occupancy date follows signature date
-816561010996126831,occupancy_or_vacancy_date,occupancy_after_signature,2023-05-01,reported occupancy date follows signature date
-825471474002196525,occupancy_or_vacancy_date,occupancy_after_signature,2022-07-01,reported occupancy date follows signature date
-838818332073321000,bathroom_count,unparseable_category,One-Bedroom,retained as raw label
-888084320523351684,occupancy_or_vacancy_date,occupancy_after_signature,2024-06-17,reported occupancy date follows signature date
-846458075520279033,occupancy_or_vacancy_date,occupancy_after_signature,2023-03-01,reported occupancy date follows signature date
-828611630058208230,occupancy_or_vacancy_date,occupancy_after_signature,2022-09-04,reported occupancy date follows signature date
-797491789373277133,occupancy_or_vacancy_date,invalid_date,2028/03/31,invalid or outside accepted year range
-752085517993009177,occupancy_or_vacancy_date,occupancy_after_signature,2022-12-15,reported occupancy date follows signature date
-768391205701480877,occupancy_or_vacancy_date,occupancy_after_signature,2025-03-15,reported occupancy date follows signature date
-813740778192089907,occupancy_or_vacancy_date,occupancy_after_signature,2022-08-01,reported occupancy date follows signature date
-736724386778629990,vacancy_date,invalid_date,0026/01/01,invalid or outside accepted year range
-674081716807265703,occupancy_or_vacancy_date,occupancy_after_signature,2025-03-26,reported occupancy date follows signature date
-678651508490204733,occupancy_or_vacancy_date,occupancy_after_signature,2026-02-06,reported occupancy date follows signature date
-675288860432056571,occupancy_or_vacancy_date,occupancy_after_signature,2022-12-27,reported occupancy date follows signature date
-740817394472812975,occupancy_or_vacancy_date,occupancy_after_signature,2024-02-20,reported occupancy date follows signature date
-684570784643826351,occupancy_or_vacancy_date,occupancy_after_signature,2022-06-25,reported occupancy date follows signature date
-684143055338535956,occupancy_or_vacancy_date,occupancy_after_signature,2026-05-17,reported occupancy date follows signature date
-705215137210587134,occupancy_or_vacancy_date,occupancy_after_signature,2025-08-16,reported occupancy date follows signature date
-643642514650398139,occupancy_or_vacancy_date,invalid_date,2035/03/22,invalid or outside accepted year range
-647942430303121475,occupancy_or_vacancy_date,occupancy_after_signature,2023-09-01,reported occupancy date follows signature date
-603281306901943029,occupancy_or_vacancy_date,occupancy_after_signature,2024-03-09,reported occupancy date follows signature date
-652334188059406620,occupancy_or_vacancy_date,occupancy_after_signature,2023-11-10,reported occupancy date follows signature date
-663954082967810650,occupancy_or_vacancy_date,occupancy_after_signature,2025-04-07,reported occupancy date follows signature date
-664891607920534547,occupancy_or_vacancy_date,occupancy_after_signature,2023-02-25,reported occupancy date follows signature date
-619266239091953471,vacancy_date,invalid_date,1899/12/30,invalid or outside accepted year range
-605817689275913432,occupancy_or_vacancy_date,occupancy_after_signature,2023-03-01,reported occupancy date follows signature date
-600965267666623905,occupancy_or_vacancy_date,occupancy_after_signature,2023-02-20,reported occupancy date follows signature date
-638076387200020861,occupancy_or_vacancy_date,occupancy_after_signature,2024-04-01,reported occupancy date follows signature date
-631877691979900344,occupancy_or_vacancy_date,occupancy_after_signature,2025-05-31,reported occupancy date follows signature date
-626841232009924549,bedroom_count,unparseable_category,Garage,retained as raw label
-601023676118998063,occupancy_or_vacancy_date,occupancy_after_signature,2024-06-22,reported occupancy date follows signature date
-597037776800802283,vacancy_date,invalid_date,0024/02/15,invalid or outside accepted year range
-591644669928163905,occupancy_or_vacancy_date,occupancy_after_signature,2024-01-27,reported occupancy date follows signature date
-550264656350145178,occupancy_or_vacancy_date,occupancy_after_signature,2024-12-14,reported occupancy date follows signature date
-531821722688414611,occupancy_or_vacancy_date,occupancy_after_signature,2024-04-22,reported occupancy date follows signature date
-560372109843983228,occupancy_or_vacancy_date,occupancy_after_signature,2026-09-03,reported occupancy date follows signature date
-546342960980416368,occupancy_or_vacancy_date,occupancy_after_signature,2023-01-25,reported occupancy date follows signature date
-540519541618078274,occupancy_or_vacancy_date,occupancy_after_signature,2024-05-01,reported occupancy date follows signature date
-515088489091634524,occupancy_or_vacancy_date,occupancy_after_signature,2022-07-01,reported occupancy date follows signature date
-474481600061499965,occupancy_or_vacancy_date,occupancy_after_signature,2022-12-27,reported occupancy date follows signature date
-454564929357221020,occupancy_or_vacancy_date,occupancy_after_signature,2023-03-14,reported occupancy date follows signature date
-450295446924523760,occupancy_or_vacancy_date,occupancy_after_signature,2024-08-15,reported occupancy date follows signature date
-465353919128641171,occupancy_or_vacancy_date,invalid_date,2504/07/23,invalid or outside accepted year range
-492397613574861488,occupancy_or_vacancy_date,occupancy_after_signature,2023-03-05,reported occupancy date follows signature date
-478942557975960964,occupancy_or_vacancy_date,occupancy_after_signature,2025-06-24,reported occupancy date follows signature date
-463880244954445706,occupancy_or_vacancy_date,occupancy_after_signature,2023-07-31,reported occupancy date follows signature date
-502357460837643565,occupancy_or_vacancy_date,invalid_date,2027/06/29,invalid or outside accepted year range
-460148651447106892,occupancy_or_vacancy_date,occupancy_after_signature,2026-02-21,reported occupancy date follows signature date
-405204534401597232,occupancy_or_vacancy_date,occupancy_after_signature,2022-12-27,reported occupancy date follows signature date
-447458266022956160,occupancy_or_vacancy_date,occupancy_after_signature,2023-03-15,reported occupancy date follows signature date
-422744180041910110,occupancy_or_vacancy_date,occupancy_after_signature,2026-02-16,reported occupancy date follows signature date
-402512778758673577,occupancy_or_vacancy_date,invalid_date,1899/12/31,invalid or outside accepted year range
-382886856423798010,occupancy_or_vacancy_date,occupancy_after_signature,2024-08-12,reported occupancy date follows signature date
-431803583576350133,occupancy_or_vacancy_date,occupancy_after_signature,2024-02-15,reported occupancy date follows signature date
-393440731917883310,bedroom_count,unparseable_category,$D$61,retained as raw label
-405291058240099961,occupancy_or_vacancy_date,occupancy_after_signature,2026-04-02,reported occupancy date follows signature date
-441243402668788032,occupancy_or_vacancy_date,occupancy_after_signature,2024-12-01,reported occupancy date follows signature date
-399451390030630847,occupancy_or_vacancy_date,invalid_date,0205/01/01,invalid or outside accepted year range
-380294606234167976,occupancy_or_vacancy_date,occupancy_after_signature,2023-03-15,reported occupancy date follows signature date
-376966626082764706,occupancy_or_vacancy_date,occupancy_after_signature,2022-07-15,reported occupancy date follows signature date
-433912428446220546,occupancy_or_vacancy_date,occupancy_after_signature,2024-02-01,reported occupancy date follows signature date
-310598528979063415,occupancy_or_vacancy_date,occupancy_after_signature,2025-12-30,reported occupancy date follows signature date
-365569555260634064,occupancy_or_vacancy_date,occupancy_after_signature,2025-02-01,reported occupancy date follows signature date
-370264330890544365,bedroom_count,unparseable_category,2T,retained as raw label
-340826472233137466,occupancy_or_vacancy_date,occupancy_after_signature,2025-04-01,reported occupancy date follows signature date
-311853688154454347,occupancy_or_vacancy_date,occupancy_after_signature,2024-04-01,reported occupancy date follows signature date
-303729797552111900,occupancy_or_vacancy_date,occupancy_after_signature,2024-05-31,reported occupancy date follows signature date
-343507232504720912,occupancy_or_vacancy_date,occupancy_after_signature,2023-02-01,reported occupancy date follows signature date
-371130174567080839,bathroom_count,unparseable_category,1 bedroom,retained as raw label
-328366247317263092,occupancy_or_vacancy_date,occupancy_after_signature,2023-06-01,reported occupancy date follows signature date
-302325046769933984,occupancy_or_vacancy_date,occupancy_after_signature,2024-08-17,reported occupancy date follows signature date
-242869633656648924,occupancy_or_vacancy_date,occupancy_after_signature,2024-12-07,reported occupancy date follows signature date
-234682345066386662,occupancy_or_vacancy_date,occupancy_after_signature,2024-03-01,reported occupancy date follows signature date
-282818446968822706,bedroom_count,unparseable_category,2A,retained as raw label
-293200594896660710,occupancy_or_vacancy_date,occupancy_after_signature,2025-04-30,reported occupancy date follows signature date
-280002083219355174,occupancy_or_vacancy_date,occupancy_after_signature,2026-02-16,reported occupancy date follows signature date
-268337942221882014,occupancy_or_vacancy_date,occupancy_after_signature,2025-05-23,reported occupancy date follows signature date
-246954498266778569,signature_date,invalid_date,0001/01/01,invalid or outside accepted year range
-275784393658009311,occupancy_or_vacancy_date,occupancy_after_signature,2023-03-01,reported occupancy date follows signature date
-297700087130175709,occupancy_or_vacancy_date,occupancy_after_signature,2023-03-20,reported occupancy date follows signature date
-286177548018485786,occupancy_or_vacancy_date,invalid_date,2559/08/07,invalid or outside accepted year range
-272657274468067347,occupancy_or_vacancy_date,occupancy_after_signature,2023-02-28,reported occupancy date follows signature date
-229879854518110598,occupancy_or_vacancy_date,occupancy_after_signature,2024-09-21,reported occupancy date follows signature date
-229856831799344578,occupancy_or_vacancy_date,occupancy_after_signature,2024-05-07,reported occupancy date follows signature date
-229034127097133571,occupancy_or_vacancy_date,occupancy_after_signature,2024-02-20,reported occupancy date follows signature date
-164447470258810776,occupancy_or_vacancy_date,occupancy_after_signature,2025-11-01,reported occupancy date follows signature date
-222722486430332909,occupancy_or_vacancy_date,occupancy_after_signature,2023-07-04,reported occupancy date follows signature date
-207782389228259701,occupancy_or_vacancy_date,occupancy_after_signature,2023-03-01,reported occupancy date follows signature date
-195721182137118766,signature_date,invalid_date,0001/01/01,invalid or outside accepted year range
-106983188952829414,occupancy_or_vacancy_date,occupancy_after_signature,2023-03-06,reported occupancy date follows signature date
-90143250358062920,signature_date,invalid_date,0001/01/01,invalid or outside accepted year range
-116864484390029862,occupancy_or_vacancy_date,occupancy_after_signature,2025-06-28,reported occupancy date follows signature date
-150045421356265911,occupancy_or_vacancy_date,occupancy_after_signature,2023-02-14,reported occupancy date follows signature date
-103832283456831155,occupancy_or_vacancy_date,occupancy_after_signature,2022-06-30,reported occupancy date follows signature date
-151424593828658501,occupancy_or_vacancy_date,occupancy_after_signature,2025-01-01,reported occupancy date follows signature date
-59406364396070735,occupancy_or_vacancy_date,occupancy_after_signature,2023-04-01,reported occupancy date follows signature date
-39162568310365637,vacancy_date,invalid_date,0024/02/10,invalid or outside accepted year range
-23877036392253086,occupancy_or_vacancy_date,occupancy_after_signature,2022-07-01,reported occupancy date follows signature date
-19042020836470525,signature_date,invalid_date,0001/01/01,invalid or outside accepted year range
-60815903488540076,occupancy_or_vacancy_date,occupancy_after_signature,2022-07-01,reported occupancy date follows signature date
-53767804313796712,occupancy_or_vacancy_date,invalid_date,2558/09/27,invalid or outside accepted year range
-44873267217892307,occupancy_or_vacancy_date,occupancy_after_signature,2025-03-15,reported occupancy date follows signature date
-34590263184781273,occupancy_or_vacancy_date,occupancy_after_signature,2025-04-01,reported occupancy date follows signature date
-23029209033626769,occupancy_or_vacancy_date,occupancy_after_signature,2025-05-01,reported occupancy date follows signature date
-50312353943575922,occupancy_or_vacancy_date,occupancy_after_signature,2025-03-15,reported occupancy date follows signature date
-47656490719194253,occupancy_or_vacancy_date,occupancy_after_signature,2023-09-01,reported occupancy date follows signature date
-15278250651704490,occupancy_or_vacancy_date,occupancy_after_signature,2022-07-01,reported occupancy date follows signature date
-62382451864016309,signature_date,invalid_date,0001/01/01,invalid or outside accepted year range
-84361408642334975,occupancy_or_vacancy_date,occupancy_after_signature,2022-06-15,reported occupancy date follows signature date
-78742387970117731,occupancy_or_vacancy_date,occupancy_after_signature,2023-03-01,reported occupancy date follows signature date
-25596022721659903,occupancy_or_vacancy_date,occupancy_after_signature,2024-03-01,reported occupancy date follows signature date
28336170554128056,occupancy_or_vacancy_date,occupancy_after_signature,2024-09-27,reported occupancy date follows signature date
34999752203052809,occupancy_or_vacancy_date,occupancy_after_signature,2024-06-15,reported occupancy date follows signature date
-4809658732493316,occupancy_or_vacancy_date,occupancy_after_signature,2025-07-25,reported occupancy date follows signature date
18536789261557715,occupancy_or_vacancy_date,occupancy_after_signature,2025-02-28,reported occupancy date follows signature date
34401377306874026,occupancy_or_vacancy_date,occupancy_after_signature,2023-08-19,reported occupancy date follows signature date
57043314116673663,occupancy_or_vacancy_date,occupancy_after_signature,2022-07-01,reported occupancy date follows signature date
5376672194229731,occupancy_or_vacancy_date,occupancy_after_signature,2024-10-01,reported occupancy date follows signature date
20139332120153516,occupancy_or_vacancy_date,occupancy_after_signature,2024-10-02,reported occupancy date follows signature date
30093644839223354,signature_date,invalid_date,0001/01/01,invalid or outside accepted year range
44676926775560045,occupancy_or_vacancy_date,occupancy_after_signature,2026-04-27,reported occupancy date follows signature date
17466135972803659,occupancy_or_vacancy_date,occupancy_after_signature,2023-04-01,reported occupancy date follows signature date
75578795555508554,occupancy_or_vacancy_date,occupancy_after_signature,2024-02-01,reported occupancy date follows signature date
93026803932336549,occupancy_or_vacancy_date,occupancy_after_signature,2025-06-01,reported occupancy date follows signature date
70390001121047828,occupancy_or_vacancy_date,occupancy_after_signature,2024-05-15,reported occupancy date follows signature date
129941259429492201,occupancy_or_vacancy_date,occupancy_after_signature,2023-07-01,reported occupancy date follows signature date
75948351380580157,occupancy_or_vacancy_date,invalid_date,2027/07/24,invalid or outside accepted year range
86687631205995780,occupancy_or_vacancy_date,occupancy_after_signature,2023-03-01,reported occupancy date follows signature date
82381592059254928,occupancy_or_vacancy_date,occupancy_after_signature,2023-02-20,reported occupancy date follows signature date
91367819096408079,bathroom_count,unparseable_category,One-Bedroom,retained as raw label
116627114836841414,occupancy_or_vacancy_date,invalid_date,0002/12/16,invalid or outside accepted year range
115156051236452795,occupancy_or_vacancy_date,occupancy_after_signature,2023-10-01,reported occupancy date follows signature date
124693016303837926,occupancy_or_vacancy_date,invalid_date,0221/10/01,invalid or outside accepted year range
190825706471198905,occupancy_or_vacancy_date,occupancy_after_signature,2022-07-07,reported occupancy date follows signature date
152307700200111476,occupancy_or_vacancy_date,invalid_date,2587/03/29,invalid or outside accepted year range
198965491119462050,occupancy_or_vacancy_date,occupancy_after_signature,2023-03-01,reported occupancy date follows signature date
203139963090469309,occupancy_or_vacancy_date,occupancy_after_signature,2023-04-18,reported occupancy date follows signature date
148550728126328120,occupancy_or_vacancy_date,invalid_date,2558/03/25,invalid or outside accepted year range
156835656194445329,occupancy_or_vacancy_date,occupancy_after_signature,2022-12-31,reported occupancy date follows signature date
201381367600820470,occupancy_or_vacancy_date,occupancy_after_signature,2024-02-29,reported occupancy date follows signature date
158170569149793264,occupancy_or_vacancy_date,occupancy_after_signature,2023-11-01,reported occupancy date follows signature date
193393433224591977,occupancy_or_vacancy_date,occupancy_after_signature,2026-02-01,reported occupancy date follows signature date
200241915745762250,occupancy_or_vacancy_date,occupancy_after_signature,2026-04-15,reported occupancy date follows signature date
158917753588060375,occupancy_or_vacancy_date,occupancy_after_signature,2023-08-02,reported occupancy date follows signature date
180341973288774052,occupancy_or_vacancy_date,occupancy_after_signature,2024-12-31,reported occupancy date follows signature date
280272135867932937,occupancy_or_vacancy_date,occupancy_after_signature,2024-12-19,reported occupancy date follows signature date
221896969677909145,occupancy_or_vacancy_date,occupancy_after_signature,2024-02-18,reported occupancy date follows signature date
231206364446808482,occupancy_or_vacancy_date,occupancy_after_signature,2025-03-01,reported occupancy date follows signature date
238367840347235387,occupancy_or_vacancy_date,occupancy_after_signature,2023-02-28,reported occupancy date follows signature date
210065669315237600,occupancy_or_vacancy_date,occupancy_after_signature,2022-12-27,reported occupancy date follows signature date
236649848620906326,occupancy_or_vacancy_date,occupancy_after_signature,2025-02-01,reported occupancy date follows signature date
265870183247810056,occupancy_or_vacancy_date,occupancy_after_signature,2024-03-01,reported occupancy date follows signature date
267243839058232979,occupancy_or_vacancy_date,occupancy_after_signature,2023-09-01,reported occupancy date follows signature date
269550610153035985,occupancy_or_vacancy_date,invalid_date,0199/09/15,invalid or outside accepted year range
211562070426265675,occupancy_or_vacancy_date,occupancy_after_signature,2026-02-03,reported occupancy date follows signature date
221398775915227437,occupancy_or_vacancy_date,occupancy_after_signature,2022-12-04,reported occupancy date follows signature date
252241201909238714,occupancy_or_vacancy_date,occupancy_after_signature,2024-08-23,reported occupancy date follows signature date
276970563191604034,occupancy_or_vacancy_date,occupancy_after_signature,2024-09-01,reported occupancy date follows signature date
310886488266503825,occupancy_or_vacancy_date,occupancy_after_signature,2024-09-14,reported occupancy date follows signature date
311662645831570144,occupancy_or_vacancy_date,occupancy_after_signature,2025-07-17,reported occupancy date follows signature date
317162505602295644,occupancy_or_vacancy_date,occupancy_after_signature,2023-03-01,reported occupancy date follows signature date
317291306847932648,occupancy_or_vacancy_date,occupancy_after_signature,2024-02-16,reported occupancy date follows signature date
322758489451127514,occupancy_or_vacancy_date,occupancy_after_signature,2022-08-01,reported occupancy date follows signature date
303473721785562337,occupancy_or_vacancy_date,occupancy_after_signature,2023-03-15,reported occupancy date follows signature date
330607780209016043,occupancy_or_vacancy_date,occupancy_after_signature,2023-03-15,reported occupancy date follows signature date
329192094125928140,occupancy_or_vacancy_date,invalid_date,1899/12/31,invalid or outside accepted year range
324637811902574427,occupancy_or_vacancy_date,invalid_date,2476/08/07,invalid or outside accepted year range
338523950769933287,occupancy_or_vacancy_date,occupancy_after_signature,2022-07-01,reported occupancy date follows signature date
363541521221771570,occupancy_or_vacancy_date,occupancy_after_signature,2025-03-03,reported occupancy date follows signature date
353755252544762516,occupancy_or_vacancy_date,occupancy_after_signature,2023-02-15,reported occupancy date follows signature date
366539605773310967,occupancy_or_vacancy_date,occupancy_after_signature,2024-10-01,reported occupancy date follows signature date
430496765657821675,occupancy_or_vacancy_date,occupancy_after_signature,2023-05-01,reported occupancy date follows signature date
381051932153415989,signature_date,invalid_date,0001/01/01,invalid or outside accepted year range
387308245986723943,occupancy_or_vacancy_date,invalid_date,1025/01/10,invalid or outside accepted year range
427842598760508846,bedroom_count,unparseable_category,1A,retained as raw label
381035221560979370,occupancy_or_vacancy_date,occupancy_after_signature,2024-06-26,reported occupancy date follows signature date
417778108178290139,occupancy_or_vacancy_date,occupancy_after_signature,2024-05-10,reported occupancy date follows signature date
428356192075310720,occupancy_or_vacancy_date,occupancy_after_signature,2023-09-30,reported occupancy date follows signature date
434329251363557347,occupancy_or_vacancy_date,occupancy_after_signature,2025-04-01,reported occupancy date follows signature date
442628686014313897,occupancy_or_vacancy_date,occupancy_after_signature,2024-03-17,reported occupancy date follows signature date
396262869296098407,occupancy_or_vacancy_date,occupancy_after_signature,2024-10-15,reported occupancy date follows signature date
431949026642225078,occupancy_or_vacancy_date,occupancy_after_signature,2026-06-01,reported occupancy date follows signature date
459732468741448148,bedroom_count,unparseable_category,2A,retained as raw label
484379176157509386,occupancy_or_vacancy_date,occupancy_after_signature,2025-09-13,reported occupancy date follows signature date
448105391889417892,signature_date,invalid_date,0001/01/01,invalid or outside accepted year range
452941010507397773,occupancy_or_vacancy_date,occupancy_after_signature,2022-07-15,reported occupancy date follows signature date
502962425707959520,occupancy_or_vacancy_date,occupancy_after_signature,2023-08-01,reported occupancy date follows signature date
453486204321493483,occupancy_or_vacancy_date,occupancy_after_signature,2026-02-05,reported occupancy date follows signature date
513763451576882670,bedroom_count,unparseable_category,1A,retained as raw label
449702378389543739,occupancy_or_vacancy_date,invalid_date,2476/04/30,invalid or outside accepted year range
471649714066271827,occupancy_or_vacancy_date,occupancy_after_signature,2023-08-10,reported occupancy date follows signature date
471973513408749531,occupancy_or_vacancy_date,invalid_date,2029/04/13,invalid or outside accepted year range
502126329244361673,occupancy_or_vacancy_date,occupancy_after_signature,2022-10-15,reported occupancy date follows signature date
533014725191267423,occupancy_or_vacancy_date,occupancy_after_signature,2024-02-15,reported occupancy date follows signature date
567612473938387602,occupancy_or_vacancy_date,occupancy_after_signature,2026-07-01,reported occupancy date follows signature date
538521556062346248,occupancy_or_vacancy_date,occupancy_after_signature,2024-11-01,reported occupancy date follows signature date
559796217091932027,occupancy_or_vacancy_date,occupancy_after_signature,2023-11-01,reported occupancy date follows signature date
588491517636494830,vacancy_date,invalid_date,0024/01/26,invalid or outside accepted year range
591728089424647289,occupancy_or_vacancy_date,invalid_date,0003/11/01,invalid or outside accepted year range
521234184228278190,occupancy_or_vacancy_date,occupancy_after_signature,2024-10-01,reported occupancy date follows signature date
629362028687384120,occupancy_or_vacancy_date,occupancy_after_signature,2024-05-07,reported occupancy date follows signature date
604547441435854342,signature_date,invalid_date,0001/01/01,invalid or outside accepted year range
609216432921663111,occupancy_or_vacancy_date,occupancy_after_signature,2023-04-14,reported occupancy date follows signature date
628197679733496048,occupancy_or_vacancy_date,occupancy_after_signature,2024-12-01,reported occupancy date follows signature date
650350817048055996,bedroom_count,unparseable_category,2A,retained as raw label
616640841410229365,occupancy_or_vacancy_date,occupancy_after_signature,2023-03-01,reported occupancy date follows signature date
634723973801898941,vacancy_date,invalid_date,1899/12/30,invalid or outside accepted year range
596072414883155786,occupancy_or_vacancy_date,occupancy_after_signature,2022-09-01,reported occupancy date follows signature date
630182251161747206,occupancy_or_vacancy_date,occupancy_after_signature,2024-03-08,reported occupancy date follows signature date
620188111680544345,occupancy_or_vacancy_date,occupancy_after_signature,2024-09-01,reported occupancy date follows signature date
600667451827539500,occupancy_or_vacancy_date,occupancy_after_signature,2022-08-01,reported occupancy date follows signature date
612019288597958987,occupancy_or_vacancy_date,occupancy_after_signature,2022-06-30,reported occupancy date follows signature date
727310265325941277,occupancy_or_vacancy_date,occupancy_after_signature,2025-03-01,reported occupancy date follows signature date
732347602182267709,occupancy_or_vacancy_date,occupancy_after_signature,2026-02-07,reported occupancy date follows signature date
669751500144154900,occupancy_or_vacancy_date,invalid_date,1899/12/31,invalid or outside accepted year range
716212714599217686,occupancy_or_vacancy_date,occupancy_after_signature,2026-01-10,reported occupancy date follows signature date
733708219769901727,occupancy_or_vacancy_date,occupancy_after_signature,2025-08-01,reported occupancy date follows signature date
690391532797980096,occupancy_or_vacancy_date,occupancy_after_signature,2025-04-15,reported occupancy date follows signature date
693160915599916965,occupancy_or_vacancy_date,occupancy_after_signature,2024-09-01,reported occupancy date follows signature date
673189974926281940,occupancy_or_vacancy_date,occupancy_after_signature,2026-01-21,reported occupancy date follows signature date
713274260994657238,signature_date,invalid_date,0001/01/01,invalid or outside accepted year range
727971330936488206,signature_date,invalid_date,0001/01/01,invalid or outside accepted year range
796067235818050700,occupancy_or_vacancy_date,occupancy_after_signature,2024-09-12,reported occupancy date follows signature date
747105744614684873,occupancy_or_vacancy_date,occupancy_after_signature,2022-12-27,reported occupancy date follows signature date
810816407121309520,occupancy_or_vacancy_date,occupancy_after_signature,2022-11-01,reported occupancy date follows signature date
766915752875935957,occupancy_or_vacancy_date,occupancy_after_signature,2022-12-27,reported occupancy date follows signature date
748949649536167302,occupancy_or_vacancy_date,occupancy_after_signature,2024-06-01,reported occupancy date follows signature date
740831077638916680,occupancy_or_vacancy_date,occupancy_after_signature,2025-12-15,reported occupancy date follows signature date
823008505328150681,occupancy_or_vacancy_date,occupancy_after_signature,2023-06-16,reported occupancy date follows signature date
855810543369392920,occupancy_or_vacancy_date,occupancy_after_signature,2024-06-23,reported occupancy date follows signature date
844052778296761283,occupancy_or_vacancy_date,occupancy_after_signature,2026-03-11,reported occupancy date follows signature date
856472355923036362,occupancy_or_vacancy_date,occupancy_after_signature,2025-03-01,reported occupancy date follows signature date
842364892222319404,occupancy_or_vacancy_date,occupancy_after_signature,2023-06-23,reported occupancy date follows signature date
855937186594301207,occupancy_or_vacancy_date,invalid_date,2559/04/15,invalid or outside accepted year range
883715710305592411,occupancy_or_vacancy_date,occupancy_after_signature,2026-04-28,reported occupancy date follows signature date
832779577920255464,occupancy_or_vacancy_date,occupancy_after_signature,2023-03-10,reported occupancy date follows signature date
884916151268953180,occupancy_or_vacancy_date,occupancy_after_signature,2023-03-01,reported occupancy date follows signature date
889649049103730735,occupancy_or_vacancy_date,occupancy_after_signature,2024-09-01,reported occupancy date follows signature date
890929144663102308,signature_date,invalid_date,0001/01/01,invalid or outside accepted year range
926687562116166598,occupancy_or_vacancy_date,occupancy_after_signature,2023-03-07,reported occupancy date follows signature date
907948660044552327,occupancy_or_vacancy_date,occupancy_after_signature,2025-03-22,reported occupancy date follows signature date
917922671619947588,occupancy_or_vacancy_date,occupancy_after_signature,2022-07-01,reported occupancy date follows signature date
922013868420355725,occupancy_or_vacancy_date,occupancy_after_signature,2022-08-31,reported occupancy date follows signature date
950724938769628472,occupancy_or_vacancy_date,occupancy_after_signature,2025-03-26,reported occupancy date follows signature date
884810448962058456,occupancy_or_vacancy_date,occupancy_after_signature,2022-07-15,reported occupancy date follows signature date
910878894823967846,occupancy_or_vacancy_date,occupancy_after_signature,2024-11-01,reported occupancy date follows signature date
947413467241805923,occupancy_or_vacancy_date,occupancy_after_signature,2022-07-01,reported occupancy date follows signature date
996766046763560414,occupancy_or_vacancy_date,occupancy_after_signature,2025-03-25,reported occupancy date follows signature date
1004746693561777301,occupancy_or_vacancy_date,occupancy_after_signature,2024-11-01,reported occupancy date follows signature date
1014050238168167067,bathroom_count,unparseable_category,2 batroom,retained as raw label
1012732876337356468,occupancy_or_vacancy_date,invalid_date,2028/03/19,invalid or outside accepted year range
1018713805653460295,occupancy_or_vacancy_date,occupancy_after_signature,2024-03-15,reported occupancy date follows signature date
961005886255971449,occupancy_or_vacancy_date,occupancy_after_signature,2025-03-01,reported occupancy date follows signature date
1011841923829273052,bedroom_count,unparseable_category,2T,retained as raw label
992612764188391148,occupancy_or_vacancy_date,occupancy_after_signature,2024-03-01,reported occupancy date follows signature date
1004803858137851593,occupancy_or_vacancy_date,occupancy_after_signature,2026-01-19,reported occupancy date follows signature date
1024437764085823580,occupancy_or_vacancy_date,occupancy_after_signature,2025-10-21,reported occupancy date follows signature date
981172350651959659,occupancy_or_vacancy_date,occupancy_after_signature,2023-12-15,reported occupancy date follows signature date
1067411310715438180,occupancy_or_vacancy_date,occupancy_after_signature,2025-09-10,reported occupancy date follows signature date
1063148980170642748,occupancy_or_vacancy_date,occupancy_after_signature,2022-08-08,reported occupancy date follows signature date
1072852058992397815,occupancy_or_vacancy_date,invalid_date,1899/12/31,invalid or outside accepted year range
1050327853437211069,occupancy_or_vacancy_date,occupancy_after_signature,2022-08-01,reported occupancy date follows signature date
1051055440718737757,occupancy_or_vacancy_date,occupancy_after_signature,2023-04-08,reported occupancy date follows signature date
1066683928482193699,occupancy_or_vacancy_date,occupancy_after_signature,2024-12-27,reported occupancy date follows signature date
1090618924390631686,occupancy_or_vacancy_date,occupancy_after_signature,2024-06-21,reported occupancy date follows signature date
1067047771188974089,occupancy_or_vacancy_date,occupancy_after_signature,2023-03-01,reported occupancy date follows signature date
1076120198114332358,signature_date,invalid_date,0001/01/01,invalid or outside accepted year range
1124046432204885441,occupancy_or_vacancy_date,invalid_date,2476/11/15,invalid or outside accepted year range
1147025813496964678,occupancy_or_vacancy_date,occupancy_after_signature,2025-03-07,reported occupancy date follows signature date
1106808361942068775,occupancy_or_vacancy_date,occupancy_after_signature,2026-04-10,reported occupancy date follows signature date
1112434901800052526,occupancy_or_vacancy_date,occupancy_after_signature,2025-08-01,reported occupancy date follows signature date
1106442613505289444,occupancy_or_vacancy_date,occupancy_after_signature,2025-07-01,reported occupancy date follows signature date
1163834112411958872,occupancy_or_vacancy_date,invalid_date,2557/05/15,invalid or outside accepted year range
1175103991378410002,occupancy_or_vacancy_date,occupancy_after_signature,2024-07-15,reported occupancy date follows signature date
1165263019807888676,occupancy_or_vacancy_date,occupancy_after_signature,2024-08-20,reported occupancy date follows signature date
1107874893548112268,occupancy_or_vacancy_date,occupancy_after_signature,2025-05-01,reported occupancy date follows signature date
1120534023276425201,occupancy_or_vacancy_date,occupancy_after_signature,2025-07-03,reported occupancy date follows signature date
1159180341189539585,occupancy_or_vacancy_date,occupancy_after_signature,2026-02-14,reported occupancy date follows signature date
1117799735874739495,occupancy_or_vacancy_date,occupancy_after_signature,2025-03-11,reported occupancy date follows signature date
1167032780424556013,occupancy_or_vacancy_date,occupancy_after_signature,2026-01-01,reported occupancy date follows signature date
1137521954270092248,occupancy_or_vacancy_date,occupancy_after_signature,2024-03-15,reported occupancy date follows signature date
1230359514330029204,occupancy_or_vacancy_date,occupancy_after_signature,2023-06-01,reported occupancy date follows signature date
1239847568073039675,occupancy_or_vacancy_date,invalid_date,2477/06/26,invalid or outside accepted year range
1241262144985985553,occupancy_or_vacancy_date,occupancy_after_signature,2023-04-01,reported occupancy date follows signature date
1183740193075164701,occupancy_or_vacancy_date,occupancy_after_signature,2023-08-15,reported occupancy date follows signature date
1222261591659521969,occupancy_or_vacancy_date,occupancy_after_signature,2024-03-01,reported occupancy date follows signature date
1195501396556424239,occupancy_or_vacancy_date,occupancy_after_signature,2022-06-29,reported occupancy date follows signature date
1208304103919380157,occupancy_or_vacancy_date,occupancy_after_signature,2022-07-05,reported occupancy date follows signature date
1225838556464585404,occupancy_or_vacancy_date,occupancy_after_signature,2022-07-01,reported occupancy date follows signature date
1242868799228237292,occupancy_or_vacancy_date,occupancy_after_signature,2023-03-01,reported occupancy date follows signature date
1190507646295384601,signature_date,invalid_date,0001/01/01,invalid or outside accepted year range
1238758401144797491,occupancy_or_vacancy_date,occupancy_after_signature,2025-07-01,reported occupancy date follows signature date
1186633486537900800,occupancy_or_vacancy_date,occupancy_after_signature,2025-07-01,reported occupancy date follows signature date
1263638992355277539,occupancy_or_vacancy_date,occupancy_after_signature,2024-12-01,reported occupancy date follows signature date
1301805232025300925,occupancy_or_vacancy_date,occupancy_after_signature,2025-02-14,reported occupancy date follows signature date
1308852865435190146,occupancy_or_vacancy_date,occupancy_after_signature,2023-08-21,reported occupancy date follows signature date
1309016784204322482,vacancy_date,invalid_date,0024/01/21,invalid or outside accepted year range
1312052725781326453,occupancy_or_vacancy_date,occupancy_after_signature,2025-09-06,reported occupancy date follows signature date
1315514967363159180,occupancy_or_vacancy_date,occupancy_after_signature,2023-12-19,reported occupancy date follows signature date
1300551318157970804,occupancy_or_vacancy_date,occupancy_after_signature,2023-10-24,reported occupancy date follows signature date
1311831925015276377,occupancy_or_vacancy_date,occupancy_after_signature,2024-03-15,reported occupancy date follows signature date
1323059425127641989,occupancy_or_vacancy_date,occupancy_after_signature,2026-06-22,reported occupancy date follows signature date
1330086081802007279,occupancy_or_vacancy_date,occupancy_after_signature,2022-07-01,reported occupancy date follows signature date
1331154036515299101,occupancy_or_vacancy_date,occupancy_after_signature,2022-07-01,reported occupancy date follows signature date
1351952620158766434,occupancy_or_vacancy_date,invalid_date,0225/07/11,invalid or outside accepted year range
1347792345675116315,signature_date,invalid_date,0001/01/01,invalid or outside accepted year range
1377334191151323215,bedroom_count,unparseable_category,Garage,retained as raw label
1343929886485119776,occupancy_or_vacancy_date,occupancy_after_signature,2025-01-17,reported occupancy date follows signature date
1370134290937398020,occupancy_or_vacancy_date,occupancy_after_signature,2025-05-15,reported occupancy date follows signature date
1408207590450019206,occupancy_or_vacancy_date,occupancy_after_signature,2025-08-15,reported occupancy date follows signature date
1429974182978992818,occupancy_or_vacancy_date,occupancy_after_signature,2024-12-09,reported occupancy date follows signature date
1414860027744564178,occupancy_or_vacancy_date,occupancy_after_signature,2025-02-22,reported occupancy date follows signature date
1432684761869806452,occupancy_or_vacancy_date,occupancy_after_signature,2023-06-01,reported occupancy date follows signature date
1452585163965832127,occupancy_or_vacancy_date,occupancy_after_signature,2024-02-20,reported occupancy date follows signature date
1454895438581008692,occupancy_or_vacancy_date,occupancy_after_signature,2022-06-30,reported occupancy date follows signature date
1504013078997188729,occupancy_or_vacancy_date,occupancy_after_signature,2024-03-01,reported occupancy date follows signature date
1491688680477463298,occupancy_or_vacancy_date,occupancy_after_signature,2023-04-01,reported occupancy date follows signature date
1538584616438053275,signature_date,invalid_date,0001/01/01,invalid or outside accepted year range
1540140871990451511,occupancy_or_vacancy_date,occupancy_after_signature,2025-09-19,reported occupancy date follows signature date
1519428665306441375,occupancy_or_vacancy_date,occupancy_after_signature,2024-10-15,reported occupancy date follows signature date
1537095569216682718,occupancy_or_vacancy_date,occupancy_after_signature,2025-02-26,reported occupancy date follows signature date
1540008752419307651,occupancy_or_vacancy_date,occupancy_after_signature,2025-11-23,reported occupancy date follows signature date
1488306438239424791,occupancy_or_vacancy_date,occupancy_after_signature,2025-12-30,reported occupancy date follows signature date
1529712202020260812,bedroom_count,unparseable_category,Garage,retained as raw label
1595015818698582634,occupancy_or_vacancy_date,occupancy_after_signature,2022-07-01,reported occupancy date follows signature date
1596346916640842859,occupancy_or_vacancy_date,occupancy_after_signature,2022-07-01,reported occupancy date follows signature date
1564770054927045908,occupancy_or_vacancy_date,occupancy_after_signature,2022-07-02,reported occupancy date follows signature date
1577097783942446600,occupancy_or_vacancy_date,occupancy_after_signature,2023-03-01,reported occupancy date follows signature date
1595222338939462063,occupancy_or_vacancy_date,occupancy_after_signature,2026-07-13,reported occupancy date follows signature date
1562771009460559549,occupancy_or_vacancy_date,occupancy_after_signature,2023-07-22,reported occupancy date follows signature date
1568390014806388386,occupancy_or_vacancy_date,occupancy_after_signature,2025-05-20,reported occupancy date follows signature date
1584760196871897255,occupancy_or_vacancy_date,occupancy_after_signature,2023-03-22,reported occupancy date follows signature date
1590603670277844053,occupancy_or_vacancy_date,occupancy_after_signature,2024-02-22,reported occupancy date follows signature date
1597307986375267823,occupancy_or_vacancy_date,occupancy_after_signature,2025-04-01,reported occupancy date follows signature date
1563352914381911061,occupancy_or_vacancy_date,occupancy_after_signature,2023-07-21,reported occupancy date follows signature date
1576889385585354726,occupancy_or_vacancy_date,occupancy_after_signature,2025-04-19,reported occupancy date follows signature date
1586021820096159488,occupancy_or_vacancy_date,occupancy_after_signature,2025-02-22,reported occupancy date follows signature date
1603536788886952433,occupancy_or_vacancy_date,occupancy_after_signature,2024-12-01,reported occupancy date follows signature date
1623093148554323816,occupancy_or_vacancy_date,occupancy_after_signature,2022-12-27,reported occupancy date follows signature date
1620892376687330978,occupancy_or_vacancy_date,occupancy_after_signature,2023-04-28,reported occupancy date follows signature date
1660936682050792953,occupancy_or_vacancy_date,occupancy_after_signature,2026-02-28,reported occupancy date follows signature date
1686192090297811629,occupancy_or_vacancy_date,occupancy_after_signature,2023-06-01,reported occupancy date follows signature date
1655981202423389963,occupancy_or_vacancy_date,occupancy_after_signature,2025-03-01,reported occupancy date follows signature date
1673437391293318964,occupancy_or_vacancy_date,invalid_date,2559/07/24,invalid or outside accepted year range
1628550177692995797,occupancy_or_vacancy_date,occupancy_after_signature,2023-07-03,reported occupancy date follows signature date
1669957181413389458,signature_date,invalid_date,0001/01/01,invalid or outside accepted year range
1674768610278587663,occupancy_or_vacancy_date,occupancy_after_signature,2023-04-03,reported occupancy date follows signature date
1682955008297810862,occupancy_or_vacancy_date,occupancy_after_signature,2023-05-01,reported occupancy date follows signature date
1643389462063599801,occupancy_or_vacancy_date,occupancy_after_signature,2023-05-31,reported occupancy date follows signature date
1695314806148716609,occupancy_or_vacancy_date,occupancy_after_signature,2023-06-30,reported occupancy date follows signature date
1698200611051920099,occupancy_or_vacancy_date,invalid_date,0021/05/19,invalid or outside accepted year range
1742549185494390620,occupancy_or_vacancy_date,occupancy_after_signature,2026-07-01,reported occupancy date follows signature date
1725861554392731959,occupancy_or_vacancy_date,occupancy_after_signature,2025-03-15,reported occupancy date follows signature date
1752521940694729365,occupancy_or_vacancy_date,invalid_date,4284/12/27,invalid or outside accepted year range
1707592627417674097,occupancy_or_vacancy_date,occupancy_after_signature,2026-09-11,reported occupancy date follows signature date
1701976366434849377,occupancy_or_vacancy_date,occupancy_after_signature,2022-08-01,reported occupancy date follows signature date
1727899076594622853,occupancy_or_vacancy_date,occupancy_after_signature,2026-02-23,reported occupancy date follows signature date
1721333012607688006,signature_date,invalid_date,0001/01/01,invalid or outside accepted year range
1781243819905035050,occupancy_or_vacancy_date,invalid_date,2531/08/20,invalid or outside accepted year range
1768821574299637482,occupancy_or_vacancy_date,occupancy_after_signature,2025-12-28,reported occupancy date follows signature date
1791778424282716489,occupancy_or_vacancy_date,occupancy_after_signature,2023-03-01,reported occupancy date follows signature date
1804904143504292135,occupancy_or_vacancy_date,occupancy_after_signature,2025-07-25,reported occupancy date follows signature date
1828545093759423679,occupancy_or_vacancy_date,occupancy_after_signature,2022-11-04,reported occupancy date follows signature date
1768765814114593207,occupancy_or_vacancy_date,occupancy_after_signature,2023-03-01,reported occupancy date follows signature date
1770731961806939249,bedroom_count,unparseable_category,1U,retained as raw label
1800334568528665761,occupancy_or_vacancy_date,occupancy_after_signature,2024-04-01,reported occupancy date follows signature date
1814170939507392238,occupancy_or_vacancy_date,occupancy_after_signature,2023-02-10,reported occupancy date follows signature date
1814492237213005765,occupancy_or_vacancy_date,occupancy_after_signature,2025-08-10,reported occupancy date follows signature date
1817524704271910222,occupancy_or_vacancy_date,occupancy_after_signature,2024-09-09,reported occupancy date follows signature date
1879606564026151083,bedroom_count,unparseable_category,2S,retained as raw label
1873245428272788009,occupancy_or_vacancy_date,occupancy_after_signature,2022-12-27,reported occupancy date follows signature date
1883334111077649745,occupancy_or_vacancy_date,occupancy_after_signature,2022-12-05,reported occupancy date follows signature date
1836915941383952834,occupancy_or_vacancy_date,occupancy_after_signature,2022-07-01,reported occupancy date follows signature date
1837632844753459998,occupancy_or_vacancy_date,occupancy_after_signature,2026-06-10,reported occupancy date follows signature date
1871452064002961940,occupancy_or_vacancy_date,occupancy_after_signature,2025-10-26,reported occupancy date follows signature date
1876111088771391260,occupancy_or_vacancy_date,occupancy_after_signature,2024-09-02,reported occupancy date follows signature date
1883592994539831740,signature_date,invalid_date,0001/01/01,invalid or outside accepted year range
1889170922200416673,signature_date,invalid_date,0001/01/01,invalid or outside accepted year range
1895329340026738260,occupancy_or_vacancy_date,invalid_date,2503/06/08,invalid or outside accepted year range
1871582182228212894,occupancy_or_vacancy_date,invalid_date,2027/01/01,invalid or outside accepted year range
1923725837130399185,occupancy_or_vacancy_date,occupancy_after_signature,2026-07-15,reported occupancy date follows signature date
1967696224540891409,occupancy_or_vacancy_date,occupancy_after_signature,2026-03-01,reported occupancy date follows signature date
1965895900355994495,occupancy_or_vacancy_date,occupancy_after_signature,2025-07-01,reported occupancy date follows signature date
1984246946926612389,occupancy_or_vacancy_date,occupancy_after_signature,2024-04-23,reported occupancy date follows signature date
1988443557479631472,occupancy_or_vacancy_date,occupancy_after_signature,2025-06-01,reported occupancy date follows signature date
1990326548063535605,occupancy_or_vacancy_date,occupancy_after_signature,2022-12-27,reported occupancy date follows signature date
2006015038934186520,signature_date,invalid_date,0001/01/01,invalid or outside accepted year range
1987049451205993544,occupancy_or_vacancy_date,occupancy_after_signature,2022-09-01,reported occupancy date follows signature date
2025446121397140547,signature_date,invalid_date,0001/01/01,invalid or outside accepted year range
2030792466285808012,occupancy_or_vacancy_date,occupancy_after_signature,2025-01-31,reported occupancy date follows signature date
1984825742540620093,occupancy_or_vacancy_date,occupancy_after_signature,2023-12-31,reported occupancy date follows signature date
1986805183860111952,occupancy_or_vacancy_date,occupancy_after_signature,2025-05-24,reported occupancy date follows signature date
1999399092675547402,occupancy_or_vacancy_date,occupancy_after_signature,2022-06-22,reported occupancy date follows signature date
1986751821763697474,occupancy_or_vacancy_date,occupancy_after_signature,2022-06-27,reported occupancy date follows signature date
2040431490114480203,occupancy_or_vacancy_date,invalid_date,0214/07/09,invalid or outside accepted year range
2019697236080008097,occupancy_or_vacancy_date,occupancy_after_signature,2023-03-04,reported occupancy date follows signature date
2021274343134164639,occupancy_or_vacancy_date,occupancy_after_signature,2024-06-22,reported occupancy date follows signature date
2027570520067097515,occupancy_or_vacancy_date,occupancy_after_signature,2022-10-01,reported occupancy date follows signature date
2094553979774127554,signature_date,invalid_date,0001/01/01,invalid or outside accepted year range
2057428611477766712,occupancy_or_vacancy_date,occupancy_after_signature,2022-07-01,reported occupancy date follows signature date
2088514964767981904,occupancy_or_vacancy_date,occupancy_after_signature,2025-04-01,reported occupancy date follows signature date
2113026190478288305,occupancy_or_vacancy_date,occupancy_after_signature,2025-08-01,reported occupancy date follows signature date
2114612965377039769,occupancy_or_vacancy_date,occupancy_after_signature,2023-06-02,reported occupancy date follows signature date
2056358278943272562,occupancy_or_vacancy_date,occupancy_after_signature,2024-04-22,reported occupancy date follows signature date
2088267444234084702,occupancy_or_vacancy_date,occupancy_after_signature,2024-03-05,reported occupancy date follows signature date
2066465230831987204,signature_date,invalid_date,0001/01/01,invalid or outside accepted year range
2078493278881748362,occupancy_or_vacancy_date,occupancy_after_signature,2023-12-01,reported occupancy date follows signature date
2088439186877703140,occupancy_or_vacancy_date,occupancy_after_signature,2024-03-01,reported occupancy date follows signature date
2105835992748117966,occupancy_or_vacancy_date,invalid_date,2077/04/15,invalid or outside accepted year range
2105961208401749623,occupancy_or_vacancy_date,occupancy_after_signature,2026-01-26,reported occupancy date follows signature date
2107622833723443286,occupancy_or_vacancy_date,occupancy_after_signature,2024-07-01,reported occupancy date follows signature date
2142550918101551315,occupancy_or_vacancy_date,occupancy_after_signature,2023-12-06,reported occupancy date follows signature date
2144301591233445371,occupancy_or_vacancy_date,occupancy_after_signature,2025-12-30,reported occupancy date follows signature date
2138260661811912942,occupancy_or_vacancy_date,occupancy_after_signature,2024-12-17,reported occupancy date follows signature date
2163736439116949301,occupancy_or_vacancy_date,occupancy_after_signature,2023-08-01,reported occupancy date follows signature date
2173143917296396463,occupancy_or_vacancy_date,occupancy_after_signature,2026-04-01,reported occupancy date follows signature date
2189908131914374929,occupancy_or_vacancy_date,occupancy_after_signature,2023-03-01,reported occupancy date follows signature date
2173110124597102708,occupancy_or_vacancy_date,occupancy_after_signature,2025-06-15,reported occupancy date follows signature date
2147251793894397698,occupancy_or_vacancy_date,occupancy_after_signature,2025-08-01,reported occupancy date follows signature date
2153038129060567051,occupancy_or_vacancy_date,occupancy_after_signature,2025-05-01,reported occupancy date follows signature date
2173672107829728765,occupancy_or_vacancy_date,occupancy_after_signature,2024-12-17,reported occupancy date follows signature date
2186642306168226394,occupancy_or_vacancy_date,occupancy_after_signature,2026-02-20,reported occupancy date follows signature date
2163777609398057511,occupancy_or_vacancy_date,occupancy_after_signature,2024-03-15,reported occupancy date follows signature date
2148520519078849473,occupancy_or_vacancy_date,occupancy_after_signature,2024-03-01,reported occupancy date follows signature date
2126323705370683062,occupancy_or_vacancy_date,occupancy_after_signature,2023-03-17,reported occupancy date follows signature date
2144660719019391560,occupancy_or_vacancy_date,occupancy_after_signature,2023-09-01,reported occupancy date follows signature date
2194996423997600053,occupancy_or_vacancy_date,occupancy_after_signature,2022-08-01,reported occupancy date follows signature date
2210757686978432773,occupancy_or_vacancy_date,occupancy_after_signature,2025-01-24,reported occupancy date follows signature date
2226553896353130324,occupancy_or_vacancy_date,occupancy_after_signature,2023-04-18,reported occupancy date follows signature date
2259315367001476452,vacancy_date,invalid_date,0024/01/31,invalid or outside accepted year range
2264817384728768441,occupancy_or_vacancy_date,occupancy_after_signature,2026-03-13,reported occupancy date follows signature date
2196348482892305290,occupancy_or_vacancy_date,occupancy_after_signature,2026-02-02,reported occupancy date follows signature date
2199722554368420961,occupancy_or_vacancy_date,occupancy_after_signature,2025-09-05,reported occupancy date follows signature date
2260296177438334728,occupancy_or_vacancy_date,occupancy_after_signature,2025-03-01,reported occupancy date follows signature date
2204350215939099297,occupancy_or_vacancy_date,occupancy_after_signature,2024-12-01,reported occupancy date follows signature date
2221882181070890659,occupancy_or_vacancy_date,occupancy_after_signature,2023-02-25,reported occupancy date follows signature date
2225623941629654513,occupancy_or_vacancy_date,occupancy_after_signature,2023-03-01,reported occupancy date follows signature date
2253259684346233713,occupancy_or_vacancy_date,invalid_date,1899/12/31,invalid or outside accepted year range
2339033544298071296,occupancy_or_vacancy_date,occupancy_after_signature,2022-07-01,reported occupancy date follows signature date
2269683383799016520,occupancy_or_vacancy_date,occupancy_after_signature,2023-03-18,reported occupancy date follows signature date
2316372014347122225,occupancy_or_vacancy_date,occupancy_after_signature,2022-07-15,reported occupancy date follows signature date
2331827704118437292,occupancy_or_vacancy_date,occupancy_after_signature,2024-03-09,reported occupancy date follows signature date
2272932346690140208,occupancy_or_vacancy_date,occupancy_after_signature,2025-04-11,reported occupancy date follows signature date
2273354310129060042,occupancy_or_vacancy_date,occupancy_after_signature,2023-12-01,reported occupancy date follows signature date
2315935370638936526,occupancy_or_vacancy_date,occupancy_after_signature,2024-10-01,reported occupancy date follows signature date
2270805678372207297,occupancy_or_vacancy_date,occupancy_after_signature,2023-02-25,reported occupancy date follows signature date
2278793254339304892,occupancy_or_vacancy_date,invalid_date,0003/11/01,invalid or outside accepted year range
2322361304191729509,occupancy_or_vacancy_date,occupancy_after_signature,2026-02-27,reported occupancy date follows signature date
2273251175194235698,occupancy_or_vacancy_date,occupancy_after_signature,2023-08-01,reported occupancy date follows signature date
2330799419247969895,occupancy_or_vacancy_date,occupancy_after_signature,2025-10-16,reported occupancy date follows signature date
2356784352654420269,occupancy_or_vacancy_date,occupancy_after_signature,2024-07-29,reported occupancy date follows signature date
2375105065540523442,occupancy_or_vacancy_date,occupancy_after_signature,2024-04-13,reported occupancy date follows signature date
2381145661511451047,occupancy_or_vacancy_date,occupancy_after_signature,2022-07-01,reported occupancy date follows signature date
2383626660546311803,occupancy_or_vacancy_date,occupancy_after_signature,2025-03-31,reported occupancy date follows signature date
2406591128751666474,occupancy_or_vacancy_date,occupancy_after_signature,2024-02-15,reported occupancy date follows signature date
2363943338998937787,occupancy_or_vacancy_date,occupancy_after_signature,2024-12-08,reported occupancy date follows signature date
2394044577451895122,occupancy_or_vacancy_date,occupancy_after_signature,2022-12-27,reported occupancy date follows signature date
2344790072591659902,occupancy_or_vacancy_date,occupancy_after_signature,2024-03-01,reported occupancy date follows signature date
2344831051247566027,occupancy_or_vacancy_date,occupancy_after_signature,2025-05-07,reported occupancy date follows signature date
2358057415373969032,occupancy_or_vacancy_date,occupancy_after_signature,2025-05-16,reported occupancy date follows signature date
2361953822361797914,occupancy_or_vacancy_date,occupancy_after_signature,2024-06-08,reported occupancy date follows signature date
2340666211524458766,occupancy_or_vacancy_date,occupancy_after_signature,2023-03-01,reported occupancy date follows signature date
2357266345043973980,occupancy_or_vacancy_date,occupancy_after_signature,2023-03-01,reported occupancy date follows signature date
2417118560563988369,occupancy_or_vacancy_date,occupancy_after_signature,2025-08-15,reported occupancy date follows signature date
2479560682347312458,occupancy_or_vacancy_date,occupancy_after_signature,2024-03-17,reported occupancy date follows signature date
2433673096184561885,occupancy_or_vacancy_date,occupancy_after_signature,2025-12-30,reported occupancy date follows signature date
2435540301147647684,occupancy_or_vacancy_date,occupancy_after_signature,2025-05-22,reported occupancy date follows signature date
2453391963312193769,occupancy_or_vacancy_date,occupancy_after_signature,2023-02-18,reported occupancy date follows signature date
2468020640617095556,occupancy_or_vacancy_date,occupancy_after_signature,2022-12-05,reported occupancy date follows signature date
2478264780527282120,occupancy_or_vacancy_date,occupancy_after_signature,2026-04-13,reported occupancy date follows signature date
2446733417631186269,occupancy_or_vacancy_date,occupancy_after_signature,2024-05-01,reported occupancy date follows signature date
2462711565287195999,occupancy_or_vacancy_date,occupancy_after_signature,2022-09-04,reported occupancy date follows signature date
2421833946255975164,occupancy_or_vacancy_date,occupancy_after_signature,2024-11-30,reported occupancy date follows signature date
2415063871400386939,occupancy_or_vacancy_date,occupancy_after_signature,2024-03-01,reported occupancy date follows signature date
2449269103426010287,bedroom_count,unparseable_category,2T,retained as raw label
2438079944507688201,signature_date,invalid_date,0001/01/01,invalid or outside accepted year range
2462646427204053280,occupancy_or_vacancy_date,invalid_date,0222/09/10,invalid or outside accepted year range
2504732623855528970,occupancy_or_vacancy_date,occupancy_after_signature,2024-06-07,reported occupancy date follows signature date
2530770320084018428,occupancy_or_vacancy_date,occupancy_after_signature,2024-08-01,reported occupancy date follows signature date
2551070616410956308,occupancy_or_vacancy_date,occupancy_after_signature,2023-08-01,reported occupancy date follows signature date
2488525062853353593,occupancy_or_vacancy_date,occupancy_after_signature,2024-11-01,reported occupancy date follows signature date
2535416693850698282,occupancy_or_vacancy_date,occupancy_after_signature,2024-03-05,reported occupancy date follows signature date
2545021546062424217,occupancy_or_vacancy_date,occupancy_after_signature,2025-10-01,reported occupancy date follows signature date
2528888348094838915,bedroom_count,unparseable_category,2A,retained as raw label
2519474254692404859,bathroom_count,unparseable_category,One-Bedroom,retained as raw label
2545722361660620322,occupancy_or_vacancy_date,occupancy_after_signature,2023-05-20,reported occupancy date follows signature date
2504583883140942738,occupancy_or_vacancy_date,occupancy_after_signature,2026-08-15,reported occupancy date follows signature date
2507819492524796560,occupancy_or_vacancy_date,occupancy_after_signature,2022-07-20,reported occupancy date follows signature date
2522561507997802524,occupancy_or_vacancy_date,invalid_date,0121/03/01,invalid or outside accepted year range
2485585599102641080,occupancy_or_vacancy_date,occupancy_after_signature,2025-01-09,reported occupancy date follows signature date
2519408599348292062,occupancy_or_vacancy_date,occupancy_after_signature,2023-03-14,reported occupancy date follows signature date
2534191763418002176,bedroom_count,unparseable_category,Garage,retained as raw label
2520435829712269289,signature_date,invalid_date,0001/01/01,invalid or outside accepted year range
2525128168414198217,occupancy_or_vacancy_date,occupancy_after_signature,2022-08-19,reported occupancy date follows signature date
2558649581187690086,occupancy_or_vacancy_date,occupancy_after_signature,2023-03-05,reported occupancy date follows signature date
2563086235565864494,occupancy_or_vacancy_date,occupancy_after_signature,2022-08-01,reported occupancy date follows signature date
6920083513880806725,occupancy_or_vacancy_date,occupancy_after_signature,2024-03-02,reported occupancy date follows signature date
6941344472896461176,occupancy_or_vacancy_date,occupancy_after_signature,2022-08-11,reported occupancy date follows signature date
6987872788045122077,occupancy_or_vacancy_date,occupancy_after_signature,2022-11-06,reported occupancy date follows signature date
6994777117044524915,bathroom_count,unparseable_category,One-Bedroom,retained as raw label
6975391338687073042,occupancy_or_vacancy_date,occupancy_after_signature,2024-02-25,reported occupancy date follows signature date
6968521429916317481,occupancy_or_vacancy_date,occupancy_after_signature,2022-08-01,reported occupancy date follows signature date
6976587795475576386,occupancy_or_vacancy_date,occupancy_after_signature,2024-07-10,reported occupancy date follows signature date
7019617869045319690,occupancy_or_vacancy_date,occupancy_after_signature,2025-05-01,reported occupancy date follows signature date
7013311557198768128,occupancy_or_vacancy_date,occupancy_after_signature,2024-12-01,reported occupancy date follows signature date
6986873451052794020,occupancy_or_vacancy_date,occupancy_after_signature,2024-06-17,reported occupancy date follows signature date
6958272050321037288,occupancy_or_vacancy_date,occupancy_after_signature,2024-02-20,reported occupancy date follows signature date
7071764164192855343,occupancy_or_vacancy_date,occupancy_after_signature,2023-08-12,reported occupancy date follows signature date
7044127955261044963,occupancy_or_vacancy_date,occupancy_after_signature,2023-03-01,reported occupancy date follows signature date
7066022503597560743,occupancy_or_vacancy_date,occupancy_after_signature,2025-02-22,reported occupancy date follows signature date
7071912232523972192,occupancy_or_vacancy_date,invalid_date,0021/12/01,invalid or outside accepted year range
7046795141291847685,occupancy_or_vacancy_date,occupancy_after_signature,2024-09-02,reported occupancy date follows signature date
7072585192380218392,occupancy_or_vacancy_date,occupancy_after_signature,2023-06-12,reported occupancy date follows signature date
7049823793688041580,occupancy_or_vacancy_date,occupancy_after_signature,2024-05-01,reported occupancy date follows signature date
7060537270305303329,occupancy_or_vacancy_date,occupancy_after_signature,2024-12-06,reported occupancy date follows signature date
7071923422635329680,occupancy_or_vacancy_date,occupancy_after_signature,2022-07-21,reported occupancy date follows signature date
7057195052241920192,occupancy_or_vacancy_date,occupancy_after_signature,2025-05-19,reported occupancy date follows signature date
7064405768897484210,signature_date,invalid_date,0001/01/01,invalid or outside accepted year range
7078499965738502382,occupancy_or_vacancy_date,occupancy_after_signature,2023-08-11,reported occupancy date follows signature date
7093902298500432044,occupancy_or_vacancy_date,occupancy_after_signature,2022-07-01,reported occupancy date follows signature date
7104233190677016605,occupancy_or_vacancy_date,invalid_date,2028/03/19,invalid or outside accepted year range
7112129980532056530,occupancy_or_vacancy_date,occupancy_after_signature,2023-03-01,reported occupancy date follows signature date
7155330492906199310,occupancy_or_vacancy_date,occupancy_after_signature,2024-05-04,reported occupancy date follows signature date
7161786695391012429,occupancy_or_vacancy_date,occupancy_after_signature,2026-05-01,reported occupancy date follows signature date
7102000153904979575,occupancy_or_vacancy_date,occupancy_after_signature,2024-03-01,reported occupancy date follows signature date
7102900135498682553,occupancy_or_vacancy_date,occupancy_after_signature,2022-11-25,reported occupancy date follows signature date
7115083797085162111,occupancy_or_vacancy_date,occupancy_after_signature,2023-06-16,reported occupancy date follows signature date
7139443390834446574,occupancy_or_vacancy_date,invalid_date,1899/12/31,invalid or outside accepted year range
7143533487857641825,signature_date,invalid_date,0001/01/01,invalid or outside accepted year range
7145466245838712441,occupancy_or_vacancy_date,invalid_date,0021/09/16,invalid or outside accepted year range
7163363504953113101,occupancy_or_vacancy_date,occupancy_after_signature,2025-11-01,reported occupancy date follows signature date
7119202531541371447,occupancy_or_vacancy_date,occupancy_after_signature,2023-11-01,reported occupancy date follows signature date
7128614321420584357,occupancy_or_vacancy_date,occupancy_after_signature,2025-11-21,reported occupancy date follows signature date
7133619001023586349,occupancy_or_vacancy_date,occupancy_after_signature,2025-02-01,reported occupancy date follows signature date
7124163563533084630,bathroom_count,unparseable_category,One-Bedroom,retained as raw label
7143378491460268763,bedroom_count,unparseable_category,2A,retained as raw label
7150043158698270891,occupancy_or_vacancy_date,occupancy_after_signature,2023-10-22,reported occupancy date follows signature date
7208246878126822053,occupancy_or_vacancy_date,occupancy_after_signature,2024-11-29,reported occupancy date follows signature date
7181465264962233592,occupancy_or_vacancy_date,occupancy_after_signature,2024-05-01,reported occupancy date follows signature date
7186394049945327221,occupancy_or_vacancy_date,invalid_date,3022/06/03,invalid or outside accepted year range
7186727216117781906,occupancy_or_vacancy_date,occupancy_after_signature,2023-08-19,reported occupancy date follows signature date
7221653928628558930,occupancy_or_vacancy_date,occupancy_after_signature,2023-03-01,reported occupancy date follows signature date
7240784639069941189,occupancy_or_vacancy_date,invalid_date,2366/04/24,invalid or outside accepted year range
7182473052429434497,occupancy_or_vacancy_date,occupancy_after_signature,2022-11-04,reported occupancy date follows signature date
7212557804068121735,occupancy_or_vacancy_date,occupancy_after_signature,2024-07-17,reported occupancy date follows signature date
7229798297092546554,occupancy_or_vacancy_date,occupancy_after_signature,2023-03-04,reported occupancy date follows signature date
7238093597094698668,occupancy_or_vacancy_date,occupancy_after_signature,2025-03-01,reported occupancy date follows signature date
7201517702114493613,occupancy_or_vacancy_date,occupancy_after_signature,2023-11-20,reported occupancy date follows signature date
7186935249799690729,occupancy_or_vacancy_date,occupancy_after_signature,2023-12-18,reported occupancy date follows signature date
7208853689310943742,occupancy_or_vacancy_date,occupancy_after_signature,2024-03-01,reported occupancy date follows signature date
7190144147488557779,occupancy_or_vacancy_date,occupancy_after_signature,2026-06-09,reported occupancy date follows signature date
7228216063595303198,occupancy_or_vacancy_date,occupancy_after_signature,2025-11-17,reported occupancy date follows signature date
7259783087258612786,occupancy_or_vacancy_date,occupancy_after_signature,2024-12-15,reported occupancy date follows signature date
7314972730309346488,vacancy_date,invalid_date,0024/01/02,invalid or outside accepted year range
7270969987751583414,occupancy_or_vacancy_date,occupancy_after_signature,2025-09-01,reported occupancy date follows signature date
7268853681104632990,occupancy_or_vacancy_date,occupancy_after_signature,2025-08-23,reported occupancy date follows signature date
7286200948603031103,occupancy_or_vacancy_date,occupancy_after_signature,2024-12-07,reported occupancy date follows signature date
7318977062391638626,occupancy_or_vacancy_date,occupancy_after_signature,2026-04-01,reported occupancy date follows signature date
7313928031457045703,occupancy_or_vacancy_date,occupancy_after_signature,2022-07-15,reported occupancy date follows signature date
7250362547297424799,vacancy_date,invalid_date,1899/12/31,invalid or outside accepted year range
7272180950181558383,occupancy_or_vacancy_date,occupancy_after_signature,2025-02-01,reported occupancy date follows signature date
7297971135132152220,occupancy_or_vacancy_date,occupancy_after_signature,2025-09-01,reported occupancy date follows signature date
7310275755844309299,occupancy_or_vacancy_date,occupancy_after_signature,2024-03-10,reported occupancy date follows signature date
7320230616931873479,signature_date,invalid_date,0001/01/01,invalid or outside accepted year range
7365012355014114424,vacancy_date,invalid_date,0023/09/12,invalid or outside accepted year range
7366427676324273725,bedroom_count,unparseable_category,2S,retained as raw label
7389616107178469550,occupancy_or_vacancy_date,occupancy_after_signature,2024-03-15,reported occupancy date follows signature date
7341825577339812502,occupancy_or_vacancy_date,occupancy_after_signature,2023-04-01,reported occupancy date follows signature date
7350861857403301802,occupancy_or_vacancy_date,occupancy_after_signature,2026-02-01,reported occupancy date follows signature date
7369379794482787330,signature_date,invalid_date,0001/01/01,invalid or outside accepted year range
7391648292834002051,occupancy_or_vacancy_date,occupancy_after_signature,2023-03-15,reported occupancy date follows signature date
7407141879780756036,occupancy_or_vacancy_date,occupancy_after_signature,2025-12-01,reported occupancy date follows signature date
7454171583679267425,occupancy_or_vacancy_date,occupancy_after_signature,2022-10-21,reported occupancy date follows signature date
7455562572359072474,occupancy_or_vacancy_date,occupancy_after_signature,2023-05-15,reported occupancy date follows signature date
7463828732014293256,occupancy_or_vacancy_date,occupancy_after_signature,2023-03-01,reported occupancy date follows signature date
7428607385112566778,occupancy_or_vacancy_date,occupancy_after_signature,2025-12-29,reported occupancy date follows signature date
7453926623939507173,occupancy_or_vacancy_date,invalid_date,2558/10/10,invalid or outside accepted year range
7403356392405862114,occupancy_or_vacancy_date,occupancy_after_signature,2026-01-01,reported occupancy date follows signature date
7427581145694421983,occupancy_or_vacancy_date,occupancy_after_signature,2022-07-01,reported occupancy date follows signature date
7448748037776396931,occupancy_or_vacancy_date,occupancy_after_signature,2023-03-01,reported occupancy date follows signature date
7533464833140298717,occupancy_or_vacancy_date,occupancy_after_signature,2023-04-28,reported occupancy date follows signature date
7533699320939872058,occupancy_or_vacancy_date,occupancy_after_signature,2024-02-15,reported occupancy date follows signature date
7540187899777027516,occupancy_or_vacancy_date,occupancy_after_signature,2026-04-01,reported occupancy date follows signature date
7499241887930796122,occupancy_or_vacancy_date,occupancy_after_signature,2026-03-01,reported occupancy date follows signature date
7476192930193741662,occupancy_or_vacancy_date,occupancy_after_signature,2024-01-04,reported occupancy date follows signature date
7529442038190039018,occupancy_or_vacancy_date,invalid_date,0202/12/18,invalid or outside accepted year range
7520230468915256199,occupancy_or_vacancy_date,occupancy_after_signature,2023-03-01,reported occupancy date follows signature date
7536670116245346551,occupancy_or_vacancy_date,occupancy_after_signature,2026-05-22,reported occupancy date follows signature date
7540031724020065191,occupancy_or_vacancy_date,occupancy_after_signature,2024-04-01,reported occupancy date follows signature date
7504951039304716250,occupancy_or_vacancy_date,occupancy_after_signature,2022-07-02,reported occupancy date follows signature date
7500404976629980011,occupancy_or_vacancy_date,occupancy_after_signature,2023-07-01,reported occupancy date follows signature date
7501690163211743885,occupancy_or_vacancy_date,occupancy_after_signature,2024-03-01,reported occupancy date follows signature date
7589117446980980808,occupancy_or_vacancy_date,occupancy_after_signature,2024-02-22,reported occupancy date follows signature date
7609080228379422521,occupancy_or_vacancy_date,occupancy_after_signature,2022-07-01,reported occupancy date follows signature date
7545249319696137388,signature_date,invalid_date,0001/01/01,invalid or outside accepted year range
7564888084612580537,occupancy_or_vacancy_date,occupancy_after_signature,2025-10-01,reported occupancy date follows signature date
7573021292708242264,occupancy_or_vacancy_date,occupancy_after_signature,2026-02-01,reported occupancy date follows signature date
7579447985614328495,occupancy_or_vacancy_date,occupancy_after_signature,2022-12-27,reported occupancy date follows signature date
7615333738320111994,occupancy_or_vacancy_date,occupancy_after_signature,2023-01-26,reported occupancy date follows signature date
7544589760015949253,signature_date,invalid_date,0001/01/01,invalid or outside accepted year range
7579989362343930780,occupancy_or_vacancy_date,occupancy_after_signature,2024-05-18,reported occupancy date follows signature date
7597543197899385275,signature_date,invalid_date,0001/01/01,invalid or outside accepted year range
7554436194664838947,occupancy_or_vacancy_date,occupancy_after_signature,2024-02-01,reported occupancy date follows signature date
7570679572348079150,occupancy_or_vacancy_date,occupancy_after_signature,2024-08-01,reported occupancy date follows signature date
7578500088532693709,occupancy_or_vacancy_date,occupancy_after_signature,2024-09-18,reported occupancy date follows signature date
7587089858662010360,occupancy_or_vacancy_date,occupancy_after_signature,2023-11-01,reported occupancy date follows signature date
7595715695850965908,occupancy_or_vacancy_date,occupancy_after_signature,2022-07-11,reported occupancy date follows signature date
7597170671326051588,occupancy_or_vacancy_date,occupancy_after_signature,2024-03-01,reported occupancy date follows signature date
7689416338049606947,occupancy_or_vacancy_date,occupancy_after_signature,2022-07-01,reported occupancy date follows signature date
7624815221373239257,occupancy_or_vacancy_date,invalid_date,2476/02/11,invalid or outside accepted year range
7627406234879954906,occupancy_or_vacancy_date,occupancy_after_signature,2026-08-08,reported occupancy date follows signature date
7639958926554745268,occupancy_or_vacancy_date,occupancy_after_signature,2024-03-09,reported occupancy date follows signature date
7660439333803238617,occupancy_or_vacancy_date,occupancy_after_signature,2024-04-20,reported occupancy date follows signature date
7667863173049309758,signature_date,invalid_date,0001/01/01,invalid or outside accepted year range
7631491199045285653,occupancy_or_vacancy_date,occupancy_after_signature,2025-07-12,reported occupancy date follows signature date
7691933945519051300,occupancy_or_vacancy_date,occupancy_after_signature,2023-02-01,reported occupancy date follows signature date
7621998088358677670,occupancy_or_vacancy_date,occupancy_after_signature,2022-07-10,reported occupancy date follows signature date
7666397929184079067,occupancy_or_vacancy_date,occupancy_after_signature,2023-04-15,reported occupancy date follows signature date
7637312479757704238,occupancy_or_vacancy_date,invalid_date,2423/07/11,invalid or outside accepted year range
7677690320203213351,occupancy_or_vacancy_date,occupancy_after_signature,2022-09-15,reported occupancy date follows signature date
7678407298988964417,occupancy_or_vacancy_date,invalid_date,0020/10/01,invalid or outside accepted year range
7680401739242558770,occupancy_or_vacancy_date,occupancy_after_signature,2024-10-01,reported occupancy date follows signature date
7741633103078989183,occupancy_or_vacancy_date,occupancy_after_signature,2023-03-09,reported occupancy date follows signature date
7708244861998294401,occupancy_or_vacancy_date,occupancy_after_signature,2022-07-15,reported occupancy date follows signature date
7708692690659162265,occupancy_or_vacancy_date,occupancy_after_signature,2023-04-01,reported occupancy date follows signature date
7718539553874009045,occupancy_or_vacancy_date,occupancy_after_signature,2023-11-03,reported occupancy date follows signature date
7761284871760457815,bedroom_count,unparseable_category,2A,retained as raw label
7720450616467964359,occupancy_or_vacancy_date,occupancy_after_signature,2024-05-04,reported occupancy date follows signature date
7736027320650642643,occupancy_or_vacancy_date,occupancy_after_signature,2023-03-01,reported occupancy date follows signature date
7695426169383975634,occupancy_or_vacancy_date,invalid_date,2614/05/02,invalid or outside accepted year range
7710422952478759839,occupancy_or_vacancy_date,occupancy_after_signature,2024-04-01,reported occupancy date follows signature date
7726411337159358247,occupancy_or_vacancy_date,occupancy_after_signature,2024-12-17,reported occupancy date follows signature date
7758816725400595396,occupancy_or_vacancy_date,occupancy_after_signature,2025-10-01,reported occupancy date follows signature date
7790665702797213986,occupancy_or_vacancy_date,occupancy_after_signature,2025-07-26,reported occupancy date follows signature date
7814270209266191802,occupancy_or_vacancy_date,occupancy_after_signature,2024-03-01,reported occupancy date follows signature date
7803755725096680189,occupancy_or_vacancy_date,occupancy_after_signature,2026-03-22,reported occupancy date follows signature date
7817539814251937057,occupancy_or_vacancy_date,occupancy_after_signature,2023-07-01,reported occupancy date follows signature date
7812795381020453901,occupancy_or_vacancy_date,invalid_date,2503/09/30,invalid or outside accepted year range
7784246916486029469,occupancy_or_vacancy_date,occupancy_after_signature,2023-03-01,reported occupancy date follows signature date
7787851232812776191,occupancy_or_vacancy_date,invalid_date,0202/07/01,invalid or outside accepted year range
7806850204019569828,occupancy_or_vacancy_date,occupancy_after_signature,2026-02-01,reported occupancy date follows signature date
7834619130162217418,occupancy_or_vacancy_date,occupancy_after_signature,2024-03-01,reported occupancy date follows signature date
7846642968259987256,occupancy_or_vacancy_date,invalid_date,2503/06/28,invalid or outside accepted year range
7872804366126204922,occupancy_or_vacancy_date,occupancy_after_signature,2026-02-26,reported occupancy date follows signature date
7842901218145303937,vacancy_date,invalid_date,1899/12/30,invalid or outside accepted year range
7861059685708484064,occupancy_or_vacancy_date,occupancy_after_signature,2023-03-08,reported occupancy date follows signature date
7862381473966521819,occupancy_or_vacancy_date,occupancy_after_signature,2023-03-15,reported occupancy date follows signature date
7890664355102577254,occupancy_or_vacancy_date,occupancy_after_signature,2025-12-01,reported occupancy date follows signature date
7911832785142051108,occupancy_or_vacancy_date,occupancy_after_signature,2023-03-01,reported occupancy date follows signature date
7916628506500381557,occupancy_or_vacancy_date,occupancy_after_signature,2026-05-09,reported occupancy date follows signature date
7912336419710819750,occupancy_or_vacancy_date,occupancy_after_signature,2025-12-04,reported occupancy date follows signature date
7923899357535553984,vacancy_date,invalid_date,0244/01/24,invalid or outside accepted year range
7913733170784451492,occupancy_or_vacancy_date,occupancy_after_signature,2022-11-13,reported occupancy date follows signature date
7918326522587406578,occupancy_or_vacancy_date,occupancy_after_signature,2023-06-29,reported occupancy date follows signature date
7945973615077130203,occupancy_or_vacancy_date,occupancy_after_signature,2025-06-01,reported occupancy date follows signature date
7949909819966573528,occupancy_or_vacancy_date,occupancy_after_signature,2025-05-07,reported occupancy date follows signature date
7955077408844636354,occupancy_or_vacancy_date,occupancy_after_signature,2025-10-16,reported occupancy date follows signature date
8008737743587542584,signature_date,invalid_date,0001/01/01,invalid or outside accepted year range
8047530936586679041,occupancy_or_vacancy_date,occupancy_after_signature,2025-09-01,reported occupancy date follows signature date
8055323897678015156,occupancy_or_vacancy_date,occupancy_after_signature,2023-02-28,reported occupancy date follows signature date
7987705491259359496,bedroom_count,unparseable_category,2U,retained as raw label
8049983572068395876,occupancy_or_vacancy_date,occupancy_after_signature,2022-12-15,reported occupancy date follows signature date
8008263380116010090,occupancy_or_vacancy_date,occupancy_after_signature,2025-08-11,reported occupancy date follows signature date
8057339917421191604,occupancy_or_vacancy_date,occupancy_after_signature,2024-04-15,reported occupancy date follows signature date
8080707194878397672,signature_date,invalid_date,0001/01/01,invalid or outside accepted year range
8081679065685556086,occupancy_or_vacancy_date,occupancy_after_signature,2025-02-22,reported occupancy date follows signature date
8120341421934683625,occupancy_or_vacancy_date,occupancy_after_signature,2025-12-29,reported occupancy date follows signature date
8105944335996248156,occupancy_or_vacancy_date,occupancy_after_signature,2024-12-10,reported occupancy date follows signature date
8092523110407240748,occupancy_or_vacancy_date,invalid_date,0204/09/07,invalid or outside accepted year range
8079075789615249944,occupancy_or_vacancy_date,occupancy_after_signature,2023-10-31,reported occupancy date follows signature date
8119578313775755210,occupancy_or_vacancy_date,occupancy_after_signature,2023-03-17,reported occupancy date follows signature date
8096142834643929520,occupancy_or_vacancy_date,occupancy_after_signature,2024-02-17,reported occupancy date follows signature date
8098489951174729074,occupancy_or_vacancy_date,occupancy_after_signature,2023-09-01,reported occupancy date follows signature date
8113723341775503815,occupancy_or_vacancy_date,occupancy_after_signature,2025-01-01,reported occupancy date follows signature date
8101136499294266661,occupancy_or_vacancy_date,occupancy_after_signature,2026-02-05,reported occupancy date follows signature date
8119380431361557304,occupancy_or_vacancy_date,occupancy_after_signature,2024-02-21,reported occupancy date follows signature date
8127914960614537554,occupancy_or_vacancy_date,occupancy_after_signature,2025-02-01,reported occupancy date follows signature date
8178168678320359123,occupancy_or_vacancy_date,occupancy_after_signature,2023-03-01,reported occupancy date follows signature date
8181062262747494515,vacancy_date,invalid_date,1023/11/01,invalid or outside accepted year range
8187658288905518345,occupancy_or_vacancy_date,occupancy_after_signature,2024-06-15,reported occupancy date follows signature date
8191942895483855655,occupancy_or_vacancy_date,occupancy_after_signature,2023-03-01,reported occupancy date follows signature date
8132176715101085585,occupancy_or_vacancy_date,occupancy_after_signature,2022-12-20,reported occupancy date follows signature date
8171535557105346675,occupancy_or_vacancy_date,occupancy_after_signature,2022-12-27,reported occupancy date follows signature date
8184340289614245716,occupancy_or_vacancy_date,occupancy_after_signature,2024-05-24,reported occupancy date follows signature date
8188571259288048062,vacancy_date,invalid_date,0024/02/15,invalid or outside accepted year range
8199974827883511038,occupancy_or_vacancy_date,occupancy_after_signature,2025-11-01,reported occupancy date follows signature date
8149632657775779002,occupancy_or_vacancy_date,occupancy_after_signature,2022-12-27,reported occupancy date follows signature date
8179117434035102804,occupancy_or_vacancy_date,occupancy_after_signature,2022-10-01,reported occupancy date follows signature date
8157318426168081065,vacancy_date,invalid_date,0024/01/21,invalid or outside accepted year range
8162429300232641585,occupancy_or_vacancy_date,invalid_date,3873/03/17,invalid or outside accepted year range
8200560279276881147,occupancy_or_vacancy_date,occupancy_after_signature,2024-03-06,reported occupancy date follows signature date
8153284854990668428,occupancy_or_vacancy_date,occupancy_after_signature,2023-11-01,reported occupancy date follows signature date
8155324833337244233,occupancy_or_vacancy_date,occupancy_after_signature,2025-05-31,reported occupancy date follows signature date
8167775653914369186,occupancy_or_vacancy_date,occupancy_after_signature,2024-04-06,reported occupancy date follows signature date
8182762173343583704,signature_date,invalid_date,0001/01/01,invalid or outside accepted year range
8190290587399756836,occupancy_or_vacancy_date,occupancy_after_signature,2024-12-15,reported occupancy date follows signature date
8264687912973925595,occupancy_or_vacancy_date,occupancy_after_signature,2024-03-15,reported occupancy date follows signature date
8273736646783363445,bedroom_count,unparseable_category,2S,retained as raw label
8219674092305318899,occupancy_or_vacancy_date,occupancy_after_signature,2025-03-21,reported occupancy date follows signature date
8264147566939354365,occupancy_or_vacancy_date,occupancy_after_signature,2024-02-01,reported occupancy date follows signature date
8268380107784933174,occupancy_or_vacancy_date,occupancy_after_signature,2023-02-06,reported occupancy date follows signature date
8204427572663815373,occupancy_or_vacancy_date,occupancy_after_signature,2025-02-21,reported occupancy date follows signature date
8211266899742208137,occupancy_or_vacancy_date,occupancy_after_signature,2026-01-01,reported occupancy date follows signature date
8240687953463101967,occupancy_or_vacancy_date,occupancy_after_signature,2022-12-27,reported occupancy date follows signature date
8204273079791255468,occupancy_or_vacancy_date,occupancy_after_signature,2024-07-01,reported occupancy date follows signature date
8266673050374681407,occupancy_or_vacancy_date,occupancy_after_signature,2022-07-01,reported occupancy date follows signature date
8204605924487522040,occupancy_or_vacancy_date,occupancy_after_signature,2024-12-03,reported occupancy date follows signature date
8238439733550016087,occupancy_or_vacancy_date,occupancy_after_signature,2026-02-04,reported occupancy date follows signature date
8255478234609962787,occupancy_or_vacancy_date,occupancy_after_signature,2026-04-17,reported occupancy date follows signature date
8278610890551940406,bedroom_count,unparseable_category,Garage,retained as raw label
8288858234034436820,occupancy_or_vacancy_date,occupancy_after_signature,2024-03-01,reported occupancy date follows signature date
8275550823473973764,occupancy_or_vacancy_date,occupancy_after_signature,2023-03-01,reported occupancy date follows signature date
8341229416535072897,occupancy_or_vacancy_date,occupancy_after_signature,2023-01-21,reported occupancy date follows signature date
8329570476820437777,occupancy_or_vacancy_date,occupancy_after_signature,2023-02-01,reported occupancy date follows signature date
8301597683029867964,occupancy_or_vacancy_date,occupancy_after_signature,2022-07-03,reported occupancy date follows signature date
8286426241150681042,occupancy_or_vacancy_date,occupancy_after_signature,2024-03-01,reported occupancy date follows signature date
8280107579854058808,occupancy_or_vacancy_date,occupancy_after_signature,2024-07-01,reported occupancy date follows signature date
8316901216370267493,vacancy_date,invalid_date,1899/12/30,invalid or outside accepted year range
8319343115130672318,occupancy_or_vacancy_date,occupancy_after_signature,2024-07-01,reported occupancy date follows signature date
8331031449281845255,occupancy_or_vacancy_date,occupancy_after_signature,2022-12-27,reported occupancy date follows signature date
8284682596701079013,occupancy_or_vacancy_date,occupancy_after_signature,2025-10-15,reported occupancy date follows signature date
8353660683652751745,occupancy_or_vacancy_date,occupancy_after_signature,2024-03-08,reported occupancy date follows signature date
8383082091732749527,occupancy_or_vacancy_date,occupancy_after_signature,2023-08-15,reported occupancy date follows signature date
8363692231472123802,occupancy_or_vacancy_date,occupancy_after_signature,2022-07-15,reported occupancy date follows signature date
8353709907057995198,occupancy_or_vacancy_date,occupancy_after_signature,2025-06-01,reported occupancy date follows signature date
8378821186758801752,occupancy_or_vacancy_date,occupancy_after_signature,2025-08-01,reported occupancy date follows signature date
8381645839523037142,occupancy_or_vacancy_date,occupancy_after_signature,2022-06-30,reported occupancy date follows signature date
8350654355188643077,occupancy_or_vacancy_date,occupancy_after_signature,2023-08-01,reported occupancy date follows signature date
8410613069668783183,signature_date,invalid_date,0001/01/01,invalid or outside accepted year range
8418900916906925875,occupancy_or_vacancy_date,occupancy_after_signature,2024-11-23,reported occupancy date follows signature date
8398102807360605521,occupancy_or_vacancy_date,occupancy_after_signature,2023-03-01,reported occupancy date follows signature date
8416940044848308320,occupancy_or_vacancy_date,occupancy_after_signature,2024-02-15,reported occupancy date follows signature date
8487033527210919293,occupancy_or_vacancy_date,occupancy_after_signature,2024-03-01,reported occupancy date follows signature date
8486345190229138126,occupancy_or_vacancy_date,occupancy_after_signature,2024-11-15,reported occupancy date follows signature date
8431896921952373042,occupancy_or_vacancy_date,occupancy_after_signature,2026-02-07,reported occupancy date follows signature date
8466852745199746303,occupancy_or_vacancy_date,occupancy_after_signature,2025-08-15,reported occupancy date follows signature date
8432322073954226067,occupancy_or_vacancy_date,occupancy_after_signature,2023-03-07,reported occupancy date follows signature date
8466055391567978910,occupancy_or_vacancy_date,occupancy_after_signature,2022-12-01,reported occupancy date follows signature date
8482108132272149268,occupancy_or_vacancy_date,invalid_date,2028/03/31,invalid or outside accepted year range
8451791066997326138,occupancy_or_vacancy_date,occupancy_after_signature,2024-04-13,reported occupancy date follows signature date
8463275563405675925,occupancy_or_vacancy_date,occupancy_after_signature,2024-03-01,reported occupancy date follows signature date
8469012832080520891,signature_date,invalid_date,0001/01/01,invalid or outside accepted year range
8505181746433953487,occupancy_or_vacancy_date,occupancy_after_signature,2023-10-15,reported occupancy date follows signature date
8543822391900188786,occupancy_or_vacancy_date,occupancy_after_signature,2024-09-14,reported occupancy date follows signature date
8526303890707306731,occupancy_or_vacancy_date,occupancy_after_signature,2024-06-15,reported occupancy date follows signature date
8558861607179517547,occupancy_or_vacancy_date,occupancy_after_signature,2022-06-29,reported occupancy date follows signature date
8536096436169684840,occupancy_or_vacancy_date,occupancy_after_signature,2023-06-01,reported occupancy date follows signature date
8541667573430980427,occupancy_or_vacancy_date,occupancy_after_signature,2023-09-01,reported occupancy date follows signature date
8505001522517467003,occupancy_or_vacancy_date,occupancy_after_signature,2025-04-15,reported occupancy date follows signature date
8524049590533684491,occupancy_or_vacancy_date,invalid_date,2613/07/08,invalid or outside accepted year range
8545645854204166878,occupancy_or_vacancy_date,occupancy_after_signature,2022-07-01,reported occupancy date follows signature date
8550871451221160778,occupancy_or_vacancy_date,occupancy_after_signature,2023-02-01,reported occupancy date follows signature date
8503677798206880719,occupancy_or_vacancy_date,occupancy_after_signature,2022-08-31,reported occupancy date follows signature date
8552041640455864740,occupancy_or_vacancy_date,occupancy_after_signature,2025-08-08,reported occupancy date follows signature date
8570550625977471295,occupancy_or_vacancy_date,invalid_date,2587/07/03,invalid or outside accepted year range
8633728266129235628,occupancy_or_vacancy_date,occupancy_after_signature,2024-10-12,reported occupancy date follows signature date
8576258174193716645,vacancy_date,invalid_date,0024/01/18,invalid or outside accepted year range
8619281000713431944,occupancy_or_vacancy_date,occupancy_after_signature,2022-07-01,reported occupancy date follows signature date
8630421812174179732,occupancy_or_vacancy_date,occupancy_after_signature,2024-04-24,reported occupancy date follows signature date
8615587453698697391,occupancy_or_vacancy_date,invalid_date,1899/12/30,invalid or outside accepted year range
8609858961584829933,occupancy_or_vacancy_date,occupancy_after_signature,2022-11-15,reported occupancy date follows signature date
8583577889055949568,occupancy_or_vacancy_date,occupancy_after_signature,2023-08-01,reported occupancy date follows signature date
8661702533259754902,occupancy_or_vacancy_date,occupancy_after_signature,2024-09-03,reported occupancy date follows signature date
8681184949033101209,occupancy_or_vacancy_date,occupancy_after_signature,2022-12-27,reported occupancy date follows signature date
8673858263211226305,occupancy_or_vacancy_date,invalid_date,0202/10/01,invalid or outside accepted year range
8663595929211368196,occupancy_or_vacancy_date,occupancy_after_signature,2022-07-01,reported occupancy date follows signature date
8679914805240922634,occupancy_or_vacancy_date,occupancy_after_signature,2024-05-01,reported occupancy date follows signature date
8712151874932795389,vacancy_date,invalid_date,0023/10/04,invalid or outside accepted year range
8646379904852161575,signature_date,invalid_date,0001/01/01,invalid or outside accepted year range
8713031069811141945,occupancy_or_vacancy_date,occupancy_after_signature,2024-06-01,reported occupancy date follows signature date
8723646647707710675,occupancy_or_vacancy_date,occupancy_after_signature,2025-02-25,reported occupancy date follows signature date
8764707611324515331,occupancy_or_vacancy_date,occupancy_after_signature,2023-03-03,reported occupancy date follows signature date
8766886799946821982,signature_date,invalid_date,0001/01/01,invalid or outside accepted year range
8748004478168680852,occupancy_or_vacancy_date,invalid_date,0022/09/01,invalid or outside accepted year range
8755439814135851559,occupancy_or_vacancy_date,occupancy_after_signature,2024-09-13,reported occupancy date follows signature date
8747340947422584473,occupancy_or_vacancy_date,occupancy_after_signature,2024-03-01,reported occupancy date follows signature date
8755043313251202081,occupancy_or_vacancy_date,occupancy_after_signature,2023-03-01,reported occupancy date follows signature date
8775878489272840509,occupancy_or_vacancy_date,occupancy_after_signature,2025-08-08,reported occupancy date follows signature date
8736113711882814730,occupancy_or_vacancy_date,invalid_date,4531/05/27,invalid or outside accepted year range
8789324458050830383,occupancy_or_vacancy_date,occupancy_after_signature,2022-12-30,reported occupancy date follows signature date
8853037186006783394,occupancy_or_vacancy_date,occupancy_after_signature,2024-12-17,reported occupancy date follows signature date
8822089602478064841,occupancy_or_vacancy_date,occupancy_after_signature,2025-02-15,reported occupancy date follows signature date
8799233682985109253,occupancy_or_vacancy_date,occupancy_after_signature,2025-03-01,reported occupancy date follows signature date
8836807843130638093,occupancy_or_vacancy_date,occupancy_after_signature,2023-02-28,reported occupancy date follows signature date
8803975093463072530,occupancy_or_vacancy_date,occupancy_after_signature,2022-07-08,reported occupancy date follows signature date
8856671746786484315,vacancy_date,invalid_date,0023/08/09,invalid or outside accepted year range
8895706516444897660,occupancy_or_vacancy_date,occupancy_after_signature,2022-09-16,reported occupancy date follows signature date
8883617899949679565,occupancy_or_vacancy_date,occupancy_after_signature,2023-05-01,reported occupancy date follows signature date
8863443766047176946,occupancy_or_vacancy_date,occupancy_after_signature,2026-09-02,reported occupancy date follows signature date
8864467381410256270,occupancy_or_vacancy_date,occupancy_after_signature,2024-03-01,reported occupancy date follows signature date
8926729735021257820,occupancy_or_vacancy_date,occupancy_after_signature,2024-09-01,reported occupancy date follows signature date
8882806711149610825,bathroom_count,unparseable_category,One-Bedroom,retained as raw label
8866346038385293176,occupancy_or_vacancy_date,occupancy_after_signature,2024-02-15,reported occupancy date follows signature date
8929615580502016972,occupancy_or_vacancy_date,occupancy_after_signature,2023-05-05,reported occupancy date follows signature date
8921557301250592190,occupancy_or_vacancy_date,occupancy_after_signature,2022-12-27,reported occupancy date follows signature date
8926187515950888260,occupancy_or_vacancy_date,occupancy_after_signature,2023-05-01,reported occupancy date follows signature date
8863924455063247860,occupancy_or_vacancy_date,occupancy_after_signature,2024-03-01,reported occupancy date follows signature date
8910285006569003548,occupancy_or_vacancy_date,occupancy_after_signature,2024-09-30,reported occupancy date follows signature date
8991273564166585269,occupancy_or_vacancy_date,occupancy_after_signature,2025-08-04,reported occupancy date follows signature date
8952141235119279487,occupancy_or_vacancy_date,occupancy_after_signature,2024-03-01,reported occupancy date follows signature date
9002307299228750764,occupancy_or_vacancy_date,occupancy_after_signature,2024-02-28,reported occupancy date follows signature date
8963432035366473805,signature_date,invalid_date,0001/01/01,invalid or outside accepted year range
8988958347895962725,occupancy_or_vacancy_date,occupancy_after_signature,2022-07-01,reported occupancy date follows signature date
9005061980968824077,occupancy_or_vacancy_date,occupancy_after_signature,2022-12-07,reported occupancy date follows signature date
8950544670819033812,occupancy_or_vacancy_date,occupancy_after_signature,2026-03-01,reported occupancy date follows signature date
8953133015264886867,signature_date,invalid_date,0001/01/01,invalid or outside accepted year range
8953443529639319662,occupancy_or_vacancy_date,occupancy_after_signature,2026-02-24,reported occupancy date follows signature date
8976162753679892356,occupancy_or_vacancy_date,occupancy_after_signature,2024-02-01,reported occupancy date follows signature date
8997378040718947717,vacancy_date,invalid_date,1899/12/30,invalid or outside accepted year range
8964327390426055876,occupancy_or_vacancy_date,occupancy_after_signature,2022-12-27,reported occupancy date follows signature date
8996282441146724837,occupancy_or_vacancy_date,occupancy_after_signature,2022-08-16,reported occupancy date follows signature date
9016695713286716801,occupancy_or_vacancy_date,occupancy_after_signature,2025-11-01,reported occupancy date follows signature date
9038429208529680915,occupancy_or_vacancy_date,occupancy_after_signature,2023-04-01,reported occupancy date follows signature date
9042857973428971119,occupancy_or_vacancy_date,occupancy_after_signature,2025-11-15,reported occupancy date follows signature date
9044223002887701988,bedroom_count,unparseable_category,0U,retained as raw label
9030362367093065825,occupancy_or_vacancy_date,occupancy_after_signature,2023-02-01,reported occupancy date follows signature date
9063389188854806588,occupancy_or_vacancy_date,invalid_date,2028/06/11,invalid or outside accepted year range
9071413016452266236,occupancy_or_vacancy_date,occupancy_after_signature,2024-12-17,reported occupancy date follows signature date
9074808353908976425,occupancy_or_vacancy_date,occupancy_after_signature,2022-07-01,reported occupancy date follows signature date
9010294598426306625,occupancy_or_vacancy_date,occupancy_after_signature,2022-07-05,reported occupancy date follows signature date
9014472656912604441,occupancy_or_vacancy_date,occupancy_after_signature,2023-10-15,reported occupancy date follows signature date
9032487678863896446,occupancy_or_vacancy_date,occupancy_after_signature,2026-09-08,reported occupancy date follows signature date
9023757608416461557,occupancy_or_vacancy_date,occupancy_after_signature,2024-07-03,reported occupancy date follows signature date
9044348554165079387,occupancy_or_vacancy_date,invalid_date,2028/06/11,invalid or outside accepted year range
9109362340405650594,occupancy_or_vacancy_date,occupancy_after_signature,2024-03-15,reported occupancy date follows signature date
9112413239142050137,occupancy_or_vacancy_date,occupancy_after_signature,2025-06-25,reported occupancy date follows signature date
9115148982328146001,occupancy_or_vacancy_date,occupancy_after_signature,2025-07-01,reported occupancy date follows signature date
9089622783844691004,occupancy_or_vacancy_date,occupancy_after_signature,2024-09-01,reported occupancy date follows signature date
9118550591080867497,occupancy_or_vacancy_date,occupancy_after_signature,2023-04-01,reported occupancy date follows signature date
9087431099866844425,occupancy_or_vacancy_date,occupancy_after_signature,2024-10-12,reported occupancy date follows signature date
9082337875720218798,occupancy_or_vacancy_date,occupancy_after_signature,2023-08-01,reported occupancy date follows signature date
9095938281050304804,occupancy_or_vacancy_date,occupancy_after_signature,2025-06-17,reported occupancy date follows signature date
9127937173686963594,occupancy_or_vacancy_date,occupancy_after_signature,2022-07-30,reported occupancy date follows signature date
9105285995484024124,occupancy_or_vacancy_date,occupancy_after_signature,2023-06-23,reported occupancy date follows signature date
9130382321687439465,occupancy_or_vacancy_date,occupancy_after_signature,2022-06-30,reported occupancy date follows signature date
9083629692797329774,occupancy_or_vacancy_date,occupancy_after_signature,2026-02-17,reported occupancy date follows signature date
9191442661003996372,bathroom_count,unparseable_category,1bathroom,retained as raw label
9168242323622778347,vacancy_date,invalid_date,0205/04/27,invalid or outside accepted year range
9168242323622778347,occupancy_or_vacancy_date,occupancy_after_signature,2025-05-04,reported occupancy date follows signature date
9194245626658309427,occupancy_or_vacancy_date,occupancy_after_signature,2023-05-01,reported occupancy date follows signature date
9173946034205763904,occupancy_or_vacancy_date,occupancy_after_signature,2025-03-01,reported occupancy date follows signature date
9198374429871323591,occupancy_or_vacancy_date,occupancy_after_signature,2023-09-23,reported occupancy date follows signature date
9213955142410551559,occupancy_or_vacancy_date,occupancy_after_signature,2025-12-15,reported occupancy date follows signature date
9197599410827887436,occupancy_or_vacancy_date,occupancy_after_signature,2022-06-25,reported occupancy date follows signature date
9158125682553920677,occupancy_or_vacancy_date,occupancy_after_signature,2025-10-01,reported occupancy date follows signature date
9201479855696636826,occupancy_or_vacancy_date,occupancy_after_signature,2026-01-01,reported occupancy date follows signature date
9198028989034225580,occupancy_or_vacancy_date,occupancy_after_signature,2023-05-01,reported occupancy date follows signature date
9158488379674289704,occupancy_or_vacancy_date,occupancy_after_signature,2024-06-24,reported occupancy date follows signature date
4684678106510406026,bathroom_count,unparseable_category,One-Bedroom,retained as raw label
4681828768302666726,occupancy_or_vacancy_date,occupancy_after_signature,2022-12-27,reported occupancy date follows signature date
4689087951515783373,occupancy_or_vacancy_date,occupancy_after_signature,2022-11-06,reported occupancy date follows signature date
4692356417523911878,occupancy_or_vacancy_date,occupancy_after_signature,2025-01-02,reported occupancy date follows signature date
4696628355457894170,vacancy_date,invalid_date,0024/01/11,invalid or outside accepted year range
4705534117554742747,occupancy_or_vacancy_date,occupancy_after_signature,2022-09-05,reported occupancy date follows signature date
4702367923080750603,occupancy_or_vacancy_date,occupancy_after_signature,2022-06-29,reported occupancy date follows signature date
4708254890068965170,occupancy_or_vacancy_date,occupancy_after_signature,2024-09-20,reported occupancy date follows signature date
4709169713922196360,occupancy_or_vacancy_date,occupancy_after_signature,2026-02-24,reported occupancy date follows signature date
4740169664265608892,occupancy_or_vacancy_date,occupancy_after_signature,2024-03-01,reported occupancy date follows signature date
4755778884466617792,occupancy_or_vacancy_date,occupancy_after_signature,2024-09-01,reported occupancy date follows signature date
4782706665469032999,occupancy_or_vacancy_date,invalid_date,0022/09/01,invalid or outside accepted year range
4751517920434499302,occupancy_or_vacancy_date,occupancy_after_signature,2023-06-08,reported occupancy date follows signature date
4750611771504272243,occupancy_or_vacancy_date,occupancy_after_signature,2023-07-21,reported occupancy date follows signature date
4756498350644028319,occupancy_or_vacancy_date,occupancy_after_signature,2023-03-01,reported occupancy date follows signature date
4786496541250955092,occupancy_or_vacancy_date,occupancy_after_signature,2024-04-01,reported occupancy date follows signature date
4791535423800248105,occupancy_or_vacancy_date,occupancy_after_signature,2026-02-01,reported occupancy date follows signature date
4838554636749021403,occupancy_or_vacancy_date,occupancy_after_signature,2025-03-12,reported occupancy date follows signature date
4832513110804487394,bedroom_count,unparseable_category,0A,retained as raw label
4821689949801904318,occupancy_or_vacancy_date,occupancy_after_signature,2024-04-22,reported occupancy date follows signature date
4803070201491306471,occupancy_or_vacancy_date,occupancy_after_signature,2022-07-01,reported occupancy date follows signature date
4816785899277958651,occupancy_or_vacancy_date,occupancy_after_signature,2024-03-01,reported occupancy date follows signature date
4800036398985819779,occupancy_or_vacancy_date,occupancy_after_signature,2023-08-01,reported occupancy date follows signature date
4815828510422809953,occupancy_or_vacancy_date,occupancy_after_signature,2025-03-05,reported occupancy date follows signature date
4831994729505572908,occupancy_or_vacancy_date,occupancy_after_signature,2022-07-01,reported occupancy date follows signature date
4868353255541026134,vacancy_date,invalid_date,0024/01/08,invalid or outside accepted year range
4914138043263346472,occupancy_or_vacancy_date,invalid_date,0022/09/01,invalid or outside accepted year range
4929617943708412731,occupancy_or_vacancy_date,occupancy_after_signature,2022-12-01,reported occupancy date follows signature date
4936986059155780515,occupancy_or_vacancy_date,occupancy_after_signature,2024-03-22,reported occupancy date follows signature date
4921927125840622802,occupancy_or_vacancy_date,occupancy_after_signature,2024-03-15,reported occupancy date follows signature date
4940473936276384891,signature_date,invalid_date,0001/01/01,invalid or outside accepted year range
4987445406688516904,occupancy_or_vacancy_date,occupancy_after_signature,2025-03-15,reported occupancy date follows signature date
4963344620093713017,occupancy_or_vacancy_date,occupancy_after_signature,2024-09-01,reported occupancy date follows signature date
4991706453941837161,occupancy_or_vacancy_date,occupancy_after_signature,2024-02-23,reported occupancy date follows signature date
5008322263058005989,signature_date,invalid_date,0001/01/01,invalid or outside accepted year range
4980038310247291651,signature_date,invalid_date,0001/01/01,invalid or outside accepted year range
4988248205769673489,occupancy_or_vacancy_date,occupancy_after_signature,2023-03-01,reported occupancy date follows signature date
4954980086546513502,occupancy_or_vacancy_date,occupancy_after_signature,2022-12-27,reported occupancy date follows signature date
4999136391609466403,occupancy_or_vacancy_date,occupancy_after_signature,2024-07-15,reported occupancy date follows signature date
4969414249821348394,occupancy_or_vacancy_date,occupancy_after_signature,2025-06-01,reported occupancy date follows signature date
4948361073853233129,occupancy_or_vacancy_date,invalid_date,2065/02/06,invalid or outside accepted year range
5010031446964088576,vacancy_date,invalid_date,0025/04/18,invalid or outside accepted year range
5018609297684348577,occupancy_or_vacancy_date,occupancy_after_signature,2025-08-24,reported occupancy date follows signature date
5033122839225168641,occupancy_or_vacancy_date,occupancy_after_signature,2025-08-01,reported occupancy date follows signature date
5019918321170681270,occupancy_or_vacancy_date,occupancy_after_signature,2024-03-08,reported occupancy date follows signature date
5017945597930027850,occupancy_or_vacancy_date,occupancy_after_signature,2024-07-16,reported occupancy date follows signature date
5032710947452215525,occupancy_or_vacancy_date,occupancy_after_signature,2024-04-01,reported occupancy date follows signature date
5070833097963865112,occupancy_or_vacancy_date,occupancy_after_signature,2023-03-01,reported occupancy date follows signature date
5067469611284387644,occupancy_or_vacancy_date,occupancy_after_signature,2025-12-19,reported occupancy date follows signature date
5042325489445079554,occupancy_or_vacancy_date,occupancy_after_signature,2026-03-01,reported occupancy date follows signature date
5038533917455109712,occupancy_or_vacancy_date,occupancy_after_signature,2024-02-19,reported occupancy date follows signature date
5077531835049006555,signature_date,invalid_date,0001/01/01,invalid or outside accepted year range
5134448962539171652,occupancy_or_vacancy_date,occupancy_after_signature,2022-12-27,reported occupancy date follows signature date
5110270270594615525,occupancy_or_vacancy_date,invalid_date,2285/07/08,invalid or outside accepted year range
5157274786723413061,signature_date,invalid_date,0001/01/01,invalid or outside accepted year range
5096429612525909095,occupancy_or_vacancy_date,occupancy_after_signature,2024-09-01,reported occupancy date follows signature date
5120474629566310083,occupancy_or_vacancy_date,occupancy_after_signature,2026-02-15,reported occupancy date follows signature date
5129228708333565608,occupancy_or_vacancy_date,occupancy_after_signature,2024-03-01,reported occupancy date follows signature date
5147712537339531432,occupancy_or_vacancy_date,occupancy_after_signature,2025-02-14,reported occupancy date follows signature date
5099536248400348375,occupancy_or_vacancy_date,occupancy_after_signature,2025-09-04,reported occupancy date follows signature date
5153771763759467452,vacancy_date,invalid_date,0024/01/26,invalid or outside accepted year range
5132804248740742332,occupancy_or_vacancy_date,occupancy_after_signature,2025-12-28,reported occupancy date follows signature date
5147479718465428624,occupancy_or_vacancy_date,occupancy_after_signature,2023-03-04,reported occupancy date follows signature date
5152057231461463717,occupancy_or_vacancy_date,occupancy_after_signature,2024-02-22,reported occupancy date follows signature date
5106160458582825267,occupancy_or_vacancy_date,occupancy_after_signature,2025-12-01,reported occupancy date follows signature date
5139876033696139866,occupancy_or_vacancy_date,occupancy_after_signature,2023-03-17,reported occupancy date follows signature date
5164927337580611311,occupancy_or_vacancy_date,occupancy_after_signature,2022-07-01,reported occupancy date follows signature date
5169114380049095235,occupancy_or_vacancy_date,occupancy_after_signature,2023-03-01,reported occupancy date follows signature date
5218009345616234121,occupancy_or_vacancy_date,occupancy_after_signature,2024-10-01,reported occupancy date follows signature date
5222333769635605389,vacancy_date,invalid_date,0024/01/11,invalid or outside accepted year range
5166979948648524514,occupancy_or_vacancy_date,occupancy_after_signature,2025-03-13,reported occupancy date follows signature date
5174297532142180660,occupancy_or_vacancy_date,occupancy_after_signature,2024-03-01,reported occupancy date follows signature date
5216266929150870781,occupancy_or_vacancy_date,invalid_date,0021/01/03,invalid or outside accepted year range
5231794100377325006,occupancy_or_vacancy_date,occupancy_after_signature,2024-03-16,reported occupancy date follows signature date
5165422755961319548,occupancy_or_vacancy_date,occupancy_after_signature,2024-02-01,reported occupancy date follows signature date
5175815369580354229,occupancy_or_vacancy_date,occupancy_after_signature,2024-08-28,reported occupancy date follows signature date
5186159688940129777,occupancy_or_vacancy_date,occupancy_after_signature,2026-02-05,reported occupancy date follows signature date
5208528551410471975,occupancy_or_vacancy_date,occupancy_after_signature,2022-09-04,reported occupancy date follows signature date
5164423547952853318,signature_date,invalid_date,0001/01/01,invalid or outside accepted year range
5210300134087458476,occupancy_or_vacancy_date,occupancy_after_signature,2022-12-27,reported occupancy date follows signature date
5214964597095845735,occupancy_or_vacancy_date,occupancy_after_signature,2024-03-01,reported occupancy date follows signature date
5228278375402864350,occupancy_or_vacancy_date,occupancy_after_signature,2023-03-01,reported occupancy date follows signature date
5168579630078025047,occupancy_or_vacancy_date,occupancy_after_signature,2024-02-23,reported occupancy date follows signature date
5231188655854650575,occupancy_or_vacancy_date,occupancy_after_signature,2023-03-17,reported occupancy date follows signature date
5162478370566112469,occupancy_or_vacancy_date,occupancy_after_signature,2023-04-01,reported occupancy date follows signature date
5181983639901624142,occupancy_or_vacancy_date,occupancy_after_signature,2023-05-26,reported occupancy date follows signature date
5190565574426981113,occupancy_or_vacancy_date,occupancy_after_signature,2023-03-01,reported occupancy date follows signature date
5206619435630545581,occupancy_or_vacancy_date,occupancy_after_signature,2023-03-04,reported occupancy date follows signature date
5219391066734254248,occupancy_or_vacancy_date,occupancy_after_signature,2023-03-10,reported occupancy date follows signature date
5259885513590480228,occupancy_or_vacancy_date,occupancy_after_signature,2023-05-01,reported occupancy date follows signature date
5262708285375514693,occupancy_or_vacancy_date,occupancy_after_signature,2022-11-21,reported occupancy date follows signature date
5258081757079680404,occupancy_or_vacancy_date,occupancy_after_signature,2025-04-01,reported occupancy date follows signature date
5244774737899625612,occupancy_or_vacancy_date,occupancy_after_signature,2024-07-15,reported occupancy date follows signature date
5288123584494532583,occupancy_or_vacancy_date,occupancy_after_signature,2024-02-10,reported occupancy date follows signature date
5241834675259901985,occupancy_or_vacancy_date,occupancy_after_signature,2023-12-12,reported occupancy date follows signature date
5261400076639707755,occupancy_or_vacancy_date,occupancy_after_signature,2025-09-12,reported occupancy date follows signature date
5269962493723418632,occupancy_or_vacancy_date,occupancy_after_signature,2025-11-26,reported occupancy date follows signature date
5274905397654168959,occupancy_or_vacancy_date,invalid_date,0197/04/01,invalid or outside accepted year range
5319586295278296935,occupancy_or_vacancy_date,occupancy_after_signature,2023-02-18,reported occupancy date follows signature date
5338904564769179341,occupancy_or_vacancy_date,occupancy_after_signature,2024-02-16,reported occupancy date follows signature date
5361894702812513469,occupancy_or_vacancy_date,occupancy_after_signature,2023-11-01,reported occupancy date follows signature date
5320320441820539030,occupancy_or_vacancy_date,occupancy_after_signature,2022-12-03,reported occupancy date follows signature date
5367677183452004712,occupancy_or_vacancy_date,occupancy_after_signature,2023-11-01,reported occupancy date follows signature date
5356733440123099373,occupancy_or_vacancy_date,occupancy_after_signature,2025-02-15,reported occupancy date follows signature date
5358536181575493327,occupancy_or_vacancy_date,occupancy_after_signature,2024-09-01,reported occupancy date follows signature date
5371841319924985828,occupancy_or_vacancy_date,occupancy_after_signature,2024-07-12,reported occupancy date follows signature date
5322204297629419755,occupancy_or_vacancy_date,occupancy_after_signature,2022-12-17,reported occupancy date follows signature date
5331525005411508250,occupancy_or_vacancy_date,occupancy_after_signature,2025-08-01,reported occupancy date follows signature date
5360382265070976181,occupancy_or_vacancy_date,occupancy_after_signature,2022-11-06,reported occupancy date follows signature date
5363359083897533895,occupancy_or_vacancy_date,occupancy_after_signature,2023-03-01,reported occupancy date follows signature date
5420619481015147776,occupancy_or_vacancy_date,occupancy_after_signature,2022-12-27,reported occupancy date follows signature date
5423116846927311974,occupancy_or_vacancy_date,occupancy_after_signature,2023-03-01,reported occupancy date follows signature date
5396797320582745470,occupancy_or_vacancy_date,occupancy_after_signature,2023-03-01,reported occupancy date follows signature date
5435814408490016707,occupancy_or_vacancy_date,occupancy_after_signature,2025-02-09,reported occupancy date follows signature date
5383254118578974368,occupancy_or_vacancy_date,occupancy_after_signature,2022-12-27,reported occupancy date follows signature date
5385754960778682580,occupancy_or_vacancy_date,occupancy_after_signature,2025-02-03,reported occupancy date follows signature date
5419473176889154365,signature_date,invalid_date,0001/01/01,invalid or outside accepted year range
5443937917246736858,occupancy_or_vacancy_date,occupancy_after_signature,2025-06-01,reported occupancy date follows signature date
5376991252601228137,occupancy_or_vacancy_date,occupancy_after_signature,2023-03-11,reported occupancy date follows signature date
5399189098421745799,occupancy_or_vacancy_date,occupancy_after_signature,2023-03-19,reported occupancy date follows signature date
5418631583457962350,occupancy_or_vacancy_date,occupancy_after_signature,2026-05-12,reported occupancy date follows signature date
5420556709024879759,occupancy_or_vacancy_date,occupancy_after_signature,2026-05-17,reported occupancy date follows signature date
5446217834850238335,occupancy_or_vacancy_date,occupancy_after_signature,2024-10-08,reported occupancy date follows signature date
5447309456472567511,occupancy_or_vacancy_date,occupancy_after_signature,2024-08-24,reported occupancy date follows signature date
5467994531954103701,occupancy_or_vacancy_date,invalid_date,1899/12/31,invalid or outside accepted year range
5450266921569952789,bathroom_count,unparseable_category,One-Bedroom,retained as raw label
5508524831117396328,occupancy_or_vacancy_date,occupancy_after_signature,2024-11-15,reported occupancy date follows signature date
5481705056850026891,occupancy_or_vacancy_date,occupancy_after_signature,2026-10-01,reported occupancy date follows signature date
5464698674317787433,occupancy_or_vacancy_date,occupancy_after_signature,2024-04-28,reported occupancy date follows signature date
5465187145813728937,occupancy_or_vacancy_date,occupancy_after_signature,2024-02-01,reported occupancy date follows signature date
5568258330200044114,occupancy_or_vacancy_date,occupancy_after_signature,2024-04-01,reported occupancy date follows signature date
5587594273857305717,occupancy_or_vacancy_date,occupancy_after_signature,2023-10-01,reported occupancy date follows signature date
5559106252339844694,occupancy_or_vacancy_date,occupancy_after_signature,2022-12-06,reported occupancy date follows signature date
5591491656146665664,occupancy_or_vacancy_date,occupancy_after_signature,2023-02-10,reported occupancy date follows signature date
5551032511557298306,occupancy_or_vacancy_date,occupancy_after_signature,2022-07-14,reported occupancy date follows signature date
5557160590140552652,occupancy_or_vacancy_date,occupancy_after_signature,2025-03-01,reported occupancy date follows signature date
5556624371205676579,occupancy_or_vacancy_date,occupancy_after_signature,2024-03-15,reported occupancy date follows signature date
5530056823749646647,occupancy_or_vacancy_date,occupancy_after_signature,2025-11-15,reported occupancy date follows signature date
5562728328760563001,occupancy_or_vacancy_date,occupancy_after_signature,2023-10-01,reported occupancy date follows signature date
5584977770632378394,occupancy_or_vacancy_date,occupancy_after_signature,2022-07-01,reported occupancy date follows signature date
5529621946649245669,occupancy_or_vacancy_date,invalid_date,0202/07/31,invalid or outside accepted year range
5535126359623084462,occupancy_or_vacancy_date,occupancy_after_signature,2024-07-01,reported occupancy date follows signature date
5609390828996855263,occupancy_or_vacancy_date,occupancy_after_signature,2025-03-23,reported occupancy date follows signature date
5642839944162458081,occupancy_or_vacancy_date,invalid_date,2029/11/01,invalid or outside accepted year range
5654667340410827023,occupancy_or_vacancy_date,occupancy_after_signature,2025-07-01,reported occupancy date follows signature date
5660678873420893696,bedroom_count,unparseable_category,2U,retained as raw label
5621580219968045820,signature_date,invalid_date,0001/01/01,invalid or outside accepted year range
5649712354968385453,occupancy_or_vacancy_date,occupancy_after_signature,2024-09-18,reported occupancy date follows signature date
5646464697373417742,occupancy_or_vacancy_date,occupancy_after_signature,2024-05-10,reported occupancy date follows signature date
5660777844172140944,occupancy_or_vacancy_date,occupancy_after_signature,2024-02-01,reported occupancy date follows signature date
5597953612589442659,occupancy_or_vacancy_date,occupancy_after_signature,2023-04-01,reported occupancy date follows signature date
5599900303940441180,occupancy_or_vacancy_date,occupancy_after_signature,2025-03-28,reported occupancy date follows signature date
5601614180906524881,occupancy_or_vacancy_date,occupancy_after_signature,2025-01-17,reported occupancy date follows signature date
5637983624745780430,occupancy_or_vacancy_date,occupancy_after_signature,2008-09-01,reported occupancy date follows signature date
5665297738013303413,occupancy_or_vacancy_date,occupancy_after_signature,2024-06-01,reported occupancy date follows signature date
5636428883794074927,occupancy_or_vacancy_date,occupancy_after_signature,2024-03-01,reported occupancy date follows signature date
5678988345371161184,occupancy_or_vacancy_date,occupancy_after_signature,2025-05-15,reported occupancy date follows signature date
5683638763321995373,occupancy_or_vacancy_date,occupancy_after_signature,2025-07-01,reported occupancy date follows signature date
5704640124730961266,occupancy_or_vacancy_date,invalid_date,2029/05/01,invalid or outside accepted year range
5705968855937694464,occupancy_or_vacancy_date,occupancy_after_signature,2025-05-01,reported occupancy date follows signature date
5718353306636526728,signature_date,invalid_date,0001/01/01,invalid or outside accepted year range
5673905559057231486,occupancy_or_vacancy_date,invalid_date,2586/09/09,invalid or outside accepted year range
5679981416373004818,signature_date,invalid_date,0001/01/01,invalid or outside accepted year range
5719739596262244610,occupancy_or_vacancy_date,occupancy_after_signature,2023-09-03,reported occupancy date follows signature date
5724611454341675744,occupancy_or_vacancy_date,occupancy_after_signature,2025-07-01,reported occupancy date follows signature date
5735025643840676627,occupancy_or_vacancy_date,occupancy_after_signature,2024-03-10,reported occupancy date follows signature date
5788859873682280934,occupancy_or_vacancy_date,occupancy_after_signature,2023-02-28,reported occupancy date follows signature date
5808399337426227162,occupancy_or_vacancy_date,occupancy_after_signature,2026-03-01,reported occupancy date follows signature date
5743758858156412541,occupancy_or_vacancy_date,occupancy_after_signature,2024-12-14,reported occupancy date follows signature date
5757104004897312940,occupancy_or_vacancy_date,occupancy_after_signature,2023-03-16,reported occupancy date follows signature date
5759607309991035827,occupancy_or_vacancy_date,occupancy_after_signature,2024-01-01,reported occupancy date follows signature date
5784445091736317516,occupancy_or_vacancy_date,occupancy_after_signature,2026-03-06,reported occupancy date follows signature date
5741391447770037690,occupancy_or_vacancy_date,occupancy_after_signature,2022-10-31,reported occupancy date follows signature date
5770825277621280648,vacancy_date,invalid_date,0023/09/17,invalid or outside accepted year range
5775301089125596673,occupancy_or_vacancy_date,occupancy_after_signature,2024-03-01,reported occupancy date follows signature date
5778312286811177968,occupancy_or_vacancy_date,occupancy_after_signature,2023-02-28,reported occupancy date follows signature date
5777073027037784567,occupancy_or_vacancy_date,occupancy_after_signature,2024-09-18,reported occupancy date follows signature date
5777376032754127568,occupancy_or_vacancy_date,occupancy_after_signature,2025-03-29,reported occupancy date follows signature date
5768476546205036806,occupancy_or_vacancy_date,occupancy_after_signature,2025-03-22,reported occupancy date follows signature date
5803503101276350004,occupancy_or_vacancy_date,occupancy_after_signature,2023-08-18,reported occupancy date follows signature date
5822781941727103348,occupancy_or_vacancy_date,invalid_date,0202/04/01,invalid or outside accepted year range
5862209724759565090,occupancy_or_vacancy_date,occupancy_after_signature,2024-05-01,reported occupancy date follows signature date
5865437346510787578,occupancy_or_vacancy_date,occupancy_after_signature,2022-12-27,reported occupancy date follows signature date
5829450976146268717,occupancy_or_vacancy_date,occupancy_after_signature,2023-02-18,reported occupancy date follows signature date
5871136717706228442,occupancy_or_vacancy_date,occupancy_after_signature,2022-07-01,reported occupancy date follows signature date
5876902273458683755,occupancy_or_vacancy_date,occupancy_after_signature,2025-10-13,reported occupancy date follows signature date
5864973785042808868,occupancy_or_vacancy_date,occupancy_after_signature,2022-10-02,reported occupancy date follows signature date
5841424962754181798,occupancy_or_vacancy_date,occupancy_after_signature,2023-03-01,reported occupancy date follows signature date
5816613858012340454,occupancy_or_vacancy_date,occupancy_after_signature,2023-03-01,reported occupancy date follows signature date
5840692911910196665,occupancy_or_vacancy_date,occupancy_after_signature,2024-04-13,reported occupancy date follows signature date
5847136263022170540,occupancy_or_vacancy_date,occupancy_after_signature,2022-12-31,reported occupancy date follows signature date
5816662154740476294,occupancy_or_vacancy_date,occupancy_after_signature,2023-11-01,reported occupancy date follows signature date
5840532995959784909,occupancy_or_vacancy_date,occupancy_after_signature,2022-07-04,reported occupancy date follows signature date
5860787827105116543,occupancy_or_vacancy_date,occupancy_after_signature,2026-05-05,reported occupancy date follows signature date
5865324159926741862,occupancy_or_vacancy_date,occupancy_after_signature,2024-07-31,reported occupancy date follows signature date
5817959833413838017,occupancy_or_vacancy_date,occupancy_after_signature,2025-08-29,reported occupancy date follows signature date
5831828705765808677,occupancy_or_vacancy_date,occupancy_after_signature,2023-09-01,reported occupancy date follows signature date
5837929022298744978,occupancy_or_vacancy_date,invalid_date,2533/01/15,invalid or outside accepted year range
5813199589186948185,occupancy_or_vacancy_date,occupancy_after_signature,2026-03-01,reported occupancy date follows signature date
5824385952386025261,vacancy_date,invalid_date,0023/12/20,invalid or outside accepted year range
5886430866125193587,occupancy_or_vacancy_date,occupancy_after_signature,2026-12-01,reported occupancy date follows signature date
5920841514559589329,occupancy_or_vacancy_date,occupancy_after_signature,2024-08-01,reported occupancy date follows signature date
5922764105513551001,occupancy_or_vacancy_date,occupancy_after_signature,2025-05-28,reported occupancy date follows signature date
5894503019166723206,occupancy_or_vacancy_date,occupancy_after_signature,2023-04-01,reported occupancy date follows signature date
5938400742467734207,occupancy_or_vacancy_date,occupancy_after_signature,2024-11-29,reported occupancy date follows signature date
5895393375485255080,occupancy_or_vacancy_date,occupancy_after_signature,2023-03-02,reported occupancy date follows signature date
5898321544119547986,occupancy_or_vacancy_date,occupancy_after_signature,2022-11-05,reported occupancy date follows signature date
5927612856245784849,occupancy_or_vacancy_date,occupancy_after_signature,2023-06-01,reported occupancy date follows signature date
5950150277162630595,occupancy_or_vacancy_date,invalid_date,2068/07/10,invalid or outside accepted year range
5966981463947997510,occupancy_or_vacancy_date,occupancy_after_signature,2023-03-01,reported occupancy date follows signature date
6028178618048697122,occupancy_or_vacancy_date,occupancy_after_signature,2023-03-01,reported occupancy date follows signature date
5968589579156923303,occupancy_or_vacancy_date,occupancy_after_signature,2025-06-08,reported occupancy date follows signature date
5998525079790465114,occupancy_or_vacancy_date,invalid_date,1899/12/31,invalid or outside accepted year range
5994282792670814051,occupancy_or_vacancy_date,occupancy_after_signature,2022-12-27,reported occupancy date follows signature date
5965378627784006216,occupancy_or_vacancy_date,occupancy_after_signature,2025-02-28,reported occupancy date follows signature date
5984097573526107385,occupancy_or_vacancy_date,invalid_date,2028/07/14,invalid or outside accepted year range
5988651138271878807,occupancy_or_vacancy_date,occupancy_after_signature,2024-09-06,reported occupancy date follows signature date
5989393725045463440,occupancy_or_vacancy_date,occupancy_after_signature,2025-11-01,reported occupancy date follows signature date
5963114412513530620,occupancy_or_vacancy_date,occupancy_after_signature,2026-01-15,reported occupancy date follows signature date
6015615746358368336,occupancy_or_vacancy_date,occupancy_after_signature,2025-08-21,reported occupancy date follows signature date
6060474055239155197,occupancy_or_vacancy_date,occupancy_after_signature,2023-04-01,reported occupancy date follows signature date
6041352785824815337,occupancy_or_vacancy_date,occupancy_after_signature,2025-08-23,reported occupancy date follows signature date
6041747107366746394,occupancy_or_vacancy_date,occupancy_after_signature,2024-07-01,reported occupancy date follows signature date
6085269924741568419,occupancy_or_vacancy_date,invalid_date,0214/07/09,invalid or outside accepted year range
6104247380595561872,occupancy_or_vacancy_date,occupancy_after_signature,2025-10-01,reported occupancy date follows signature date
6068673045105955909,occupancy_or_vacancy_date,occupancy_after_signature,2022-07-05,reported occupancy date follows signature date
6098728502675206504,occupancy_or_vacancy_date,occupancy_after_signature,2024-02-01,reported occupancy date follows signature date
6048856866183091610,occupancy_or_vacancy_date,occupancy_after_signature,2023-02-25,reported occupancy date follows signature date
6062267327162217626,bedroom_count,unparseable_category,2U,retained as raw label
6162848709791362790,occupancy_or_vacancy_date,occupancy_after_signature,2022-07-17,reported occupancy date follows signature date
6156974001329269152,occupancy_or_vacancy_date,occupancy_after_signature,2025-03-08,reported occupancy date follows signature date
6167076925000496305,occupancy_or_vacancy_date,occupancy_after_signature,2025-09-26,reported occupancy date follows signature date
6173973206293001558,signature_date,invalid_date,0001/01/01,invalid or outside accepted year range
6132384610472147128,occupancy_or_vacancy_date,occupancy_after_signature,2023-04-03,reported occupancy date follows signature date
6108233522227221023,occupancy_or_vacancy_date,occupancy_after_signature,2022-06-30,reported occupancy date follows signature date
6155444755614582174,occupancy_or_vacancy_date,occupancy_after_signature,2025-05-01,reported occupancy date follows signature date
6127149198575394852,occupancy_or_vacancy_date,occupancy_after_signature,2024-12-01,reported occupancy date follows signature date
6141682926614644754,occupancy_or_vacancy_date,occupancy_after_signature,2022-08-22,reported occupancy date follows signature date
6141871057213839080,occupancy_or_vacancy_date,occupancy_after_signature,2023-01-16,reported occupancy date follows signature date
6218258102746645066,occupancy_or_vacancy_date,occupancy_after_signature,2025-08-01,reported occupancy date follows signature date
6230844614860992796,occupancy_or_vacancy_date,occupancy_after_signature,2024-10-02,reported occupancy date follows signature date
6248074947272157507,occupancy_or_vacancy_date,invalid_date,1899/12/31,invalid or outside accepted year range
6187924243545308811,occupancy_or_vacancy_date,occupancy_after_signature,2024-09-18,reported occupancy date follows signature date
6199575980317333005,occupancy_or_vacancy_date,occupancy_after_signature,2024-08-15,reported occupancy date follows signature date
6214290734090153612,occupancy_or_vacancy_date,occupancy_after_signature,2023-08-28,reported occupancy date follows signature date
6178788047489166323,occupancy_or_vacancy_date,occupancy_after_signature,2022-07-23,reported occupancy date follows signature date
6191867675635927493,vacancy_date,invalid_date,1899/12/30,invalid or outside accepted year range
6185386726654335574,bedroom_count,unparseable_category,2A,retained as raw label
6296721020240233220,occupancy_or_vacancy_date,occupancy_after_signature,2023-05-13,reported occupancy date follows signature date
6298742204019918782,occupancy_or_vacancy_date,occupancy_after_signature,2023-08-22,reported occupancy date follows signature date
6314181275692308182,bedroom_count,unparseable_category,1A,retained as raw label
6316817645163094634,occupancy_or_vacancy_date,occupancy_after_signature,2024-02-24,reported occupancy date follows signature date
6253879243229576175,occupancy_or_vacancy_date,occupancy_after_signature,2025-01-17,reported occupancy date follows signature date
6268503432937862576,vacancy_date,invalid_date,0024/12/26,invalid or outside accepted year range
6253175575977390601,occupancy_or_vacancy_date,occupancy_after_signature,2022-07-01,reported occupancy date follows signature date
6261711695250770289,occupancy_or_vacancy_date,occupancy_after_signature,2024-03-20,reported occupancy date follows signature date
6259071519553975768,occupancy_or_vacancy_date,occupancy_after_signature,2025-10-01,reported occupancy date follows signature date
6293147111271366843,occupancy_or_vacancy_date,occupancy_after_signature,2024-03-15,reported occupancy date follows signature date
6317499978442350742,signature_date,invalid_date,0001/01/01,invalid or outside accepted year range
6277132491762441117,occupancy_or_vacancy_date,invalid_date,0091/11/15,invalid or outside accepted year range
6355211447602007321,occupancy_or_vacancy_date,occupancy_after_signature,2023-03-10,reported occupancy date follows signature date
6359453041415947395,occupancy_or_vacancy_date,occupancy_after_signature,2023-09-08,reported occupancy date follows signature date
6376701074434440523,occupancy_or_vacancy_date,occupancy_after_signature,2023-02-24,reported occupancy date follows signature date
6388429345286215176,occupancy_or_vacancy_date,occupancy_after_signature,2025-07-01,reported occupancy date follows signature date
6387211081648931002,occupancy_or_vacancy_date,invalid_date,1899/12/31,invalid or outside accepted year range
6373183609328277847,occupancy_or_vacancy_date,occupancy_after_signature,2023-03-13,reported occupancy date follows signature date
6382630248534464032,occupancy_or_vacancy_date,occupancy_after_signature,2023-03-15,reported occupancy date follows signature date
6397979255009249151,occupancy_or_vacancy_date,occupancy_after_signature,2024-04-01,reported occupancy date follows signature date
6344673798293365375,vacancy_date,invalid_date,0244/01/24,invalid or outside accepted year range
6358599032569371028,occupancy_or_vacancy_date,occupancy_after_signature,2025-05-10,reported occupancy date follows signature date
6376855358694733182,occupancy_or_vacancy_date,occupancy_after_signature,2023-08-01,reported occupancy date follows signature date
6463289536612609831,occupancy_or_vacancy_date,occupancy_after_signature,2025-06-01,reported occupancy date follows signature date
6453839032339990573,occupancy_or_vacancy_date,occupancy_after_signature,2024-03-01,reported occupancy date follows signature date
6462910685439047841,occupancy_or_vacancy_date,occupancy_after_signature,2023-04-15,reported occupancy date follows signature date
6404385959306429651,occupancy_or_vacancy_date,occupancy_after_signature,2026-06-15,reported occupancy date follows signature date
6451395606629353388,occupancy_or_vacancy_date,occupancy_after_signature,2022-12-27,reported occupancy date follows signature date
6469839964607284157,signature_date,invalid_date,0001/01/01,invalid or outside accepted year range
6420378705270350000,occupancy_or_vacancy_date,occupancy_after_signature,2025-03-14,reported occupancy date follows signature date
6424831388914193105,occupancy_or_vacancy_date,occupancy_after_signature,2023-03-10,reported occupancy date follows signature date
6435660471553876674,bedroom_count,unparseable_category,0U,retained as raw label
6449494822266580799,occupancy_or_vacancy_date,occupancy_after_signature,2023-12-15,reported occupancy date follows signature date
6468150977516731844,signature_date,invalid_date,0001/01/01,invalid or outside accepted year range
6505321583975033484,occupancy_or_vacancy_date,occupancy_after_signature,2026-02-28,reported occupancy date follows signature date
6504748350470901004,occupancy_or_vacancy_date,invalid_date,2109/09/01,invalid or outside accepted year range
6520936546025563699,occupancy_or_vacancy_date,occupancy_after_signature,2025-03-15,reported occupancy date follows signature date
6542195422323008790,occupancy_or_vacancy_date,occupancy_after_signature,2024-04-01,reported occupancy date follows signature date
6531800131539121386,occupancy_or_vacancy_date,occupancy_after_signature,2022-12-05,reported occupancy date follows signature date
6492174026052747784,occupancy_or_vacancy_date,occupancy_after_signature,2024-07-15,reported occupancy date follows signature date
6507108589948401286,occupancy_or_vacancy_date,occupancy_after_signature,2025-03-08,reported occupancy date follows signature date
6500485049138397192,occupancy_or_vacancy_date,occupancy_after_signature,2025-04-26,reported occupancy date follows signature date
6537344940737524106,occupancy_or_vacancy_date,occupancy_after_signature,2024-10-01,reported occupancy date follows signature date
6474150526435035619,occupancy_or_vacancy_date,occupancy_after_signature,2024-04-14,reported occupancy date follows signature date
6494028713855400475,occupancy_or_vacancy_date,occupancy_after_signature,2022-06-11,reported occupancy date follows signature date
6506224154672005018,occupancy_or_vacancy_date,occupancy_after_signature,2023-04-01,reported occupancy date follows signature date
6536040145738726601,occupancy_or_vacancy_date,occupancy_after_signature,2024-05-01,reported occupancy date follows signature date
6538478302859531815,occupancy_or_vacancy_date,occupancy_after_signature,2024-03-02,reported occupancy date follows signature date
6557532063340649698,signature_date,invalid_date,0001/01/01,invalid or outside accepted year range
6567748559225013947,occupancy_or_vacancy_date,invalid_date,0202/06/11,invalid or outside accepted year range
6557682839571173360,occupancy_or_vacancy_date,occupancy_after_signature,2025-12-14,reported occupancy date follows signature date
6599915089448925326,occupancy_or_vacancy_date,occupancy_after_signature,2023-03-01,reported occupancy date follows signature date
6590472659865849342,occupancy_or_vacancy_date,occupancy_after_signature,2022-07-01,reported occupancy date follows signature date
6608480044457593575,occupancy_or_vacancy_date,occupancy_after_signature,2025-10-25,reported occupancy date follows signature date
6561300517928523192,bathroom_count,unparseable_category,E3,retained as raw label
6567357387199490082,occupancy_or_vacancy_date,invalid_date,2029/05/01,invalid or outside accepted year range
6573199328534138489,occupancy_or_vacancy_date,occupancy_after_signature,2025-02-01,reported occupancy date follows signature date
6592095535363495482,occupancy_or_vacancy_date,occupancy_after_signature,2025-11-01,reported occupancy date follows signature date
6562290826346503752,occupancy_or_vacancy_date,occupancy_after_signature,2026-09-01,reported occupancy date follows signature date
6674707828850536984,occupancy_or_vacancy_date,occupancy_after_signature,2024-02-14,reported occupancy date follows signature date
6643235501293372026,occupancy_or_vacancy_date,occupancy_after_signature,2022-12-15,reported occupancy date follows signature date
6673435455986615469,vacancy_date,invalid_date,1899/12/30,invalid or outside accepted year range
6622008946769088511,signature_date,invalid_date,0001/01/01,invalid or outside accepted year range
6653824759746544481,occupancy_or_vacancy_date,occupancy_after_signature,2025-04-18,reported occupancy date follows signature date
6674561852428250129,occupancy_or_vacancy_date,occupancy_after_signature,2025-06-14,reported occupancy date follows signature date
6660503942703814791,occupancy_or_vacancy_date,occupancy_after_signature,2026-05-09,reported occupancy date follows signature date
6670315100155730309,occupancy_or_vacancy_date,occupancy_after_signature,2026-08-01,reported occupancy date follows signature date
6676757057925171551,occupancy_or_vacancy_date,invalid_date,1899/12/31,invalid or outside accepted year range
6657096949464430655,occupancy_or_vacancy_date,invalid_date,0222/09/10,invalid or outside accepted year range
6704404181972947887,vacancy_date,invalid_date,0024/01/11,invalid or outside accepted year range
6724544938963281526,occupancy_or_vacancy_date,occupancy_after_signature,2024-08-17,reported occupancy date follows signature date
6709907491327996941,occupancy_or_vacancy_date,occupancy_after_signature,2022-12-15,reported occupancy date follows signature date
6717751430124469485,occupancy_or_vacancy_date,occupancy_after_signature,2024-09-25,reported occupancy date follows signature date
6695907001971815538,occupancy_or_vacancy_date,invalid_date,2027/07/24,invalid or outside accepted year range
6718161635085056528,occupancy_or_vacancy_date,occupancy_after_signature,2023-04-01,reported occupancy date follows signature date
6719788404181643259,bedroom_count,unparseable_category,2S,retained as raw label
6737761715907951402,occupancy_or_vacancy_date,occupancy_after_signature,2022-07-25,reported occupancy date follows signature date
6748862823556443520,occupancy_or_vacancy_date,occupancy_after_signature,2023-02-06,reported occupancy date follows signature date
6698954241738455294,bedroom_count,unparseable_category,Garage,retained as raw label
6751245008706618615,occupancy_or_vacancy_date,occupancy_after_signature,2023-12-01,reported occupancy date follows signature date
6787028225683624737,occupancy_or_vacancy_date,occupancy_after_signature,2024-11-01,reported occupancy date follows signature date
6800864334247709800,occupancy_or_vacancy_date,occupancy_after_signature,2026-07-03,reported occupancy date follows signature date
6795347045756137237,bathroom_count,unparseable_category,One-Bedroom,retained as raw label
6827273068279891988,occupancy_or_vacancy_date,occupancy_after_signature,2023-03-15,reported occupancy date follows signature date
6768269206912462569,occupancy_or_vacancy_date,occupancy_after_signature,2024-03-01,reported occupancy date follows signature date
6824267569196246924,occupancy_or_vacancy_date,occupancy_after_signature,2025-06-12,reported occupancy date follows signature date
6795510173752494746,occupancy_or_vacancy_date,occupancy_after_signature,2022-07-01,reported occupancy date follows signature date
6830046825041099826,occupancy_or_vacancy_date,occupancy_after_signature,2026-09-01,reported occupancy date follows signature date
6830145804718460739,occupancy_or_vacancy_date,invalid_date,0201/07/25,invalid or outside accepted year range
6767568175628500804,occupancy_or_vacancy_date,occupancy_after_signature,2023-07-29,reported occupancy date follows signature date
6849521565466568566,occupancy_or_vacancy_date,occupancy_after_signature,2023-06-01,reported occupancy date follows signature date
6879050770335446241,bedroom_count,unparseable_category,1A,retained as raw label
6886784331974405254,occupancy_or_vacancy_date,occupancy_after_signature,2024-02-12,reported occupancy date follows signature date
6866793341629351254,occupancy_or_vacancy_date,occupancy_after_signature,2023-03-01,reported occupancy date follows signature date
6839261878241656460,occupancy_or_vacancy_date,occupancy_after_signature,2024-02-15,reported occupancy date follows signature date
6864695719586438544,occupancy_or_vacancy_date,occupancy_after_signature,2024-11-11,reported occupancy date follows signature date
6890642388426109114,occupancy_or_vacancy_date,occupancy_after_signature,2023-03-15,reported occupancy date follows signature date
6862492120534765495,occupancy_or_vacancy_date,occupancy_after_signature,2025-03-14,reported occupancy date follows signature date
6871994351798485505,occupancy_or_vacancy_date,occupancy_after_signature,2022-06-15,reported occupancy date follows signature date
6885941655043835528,occupancy_or_vacancy_date,occupancy_after_signature,2024-10-25,reported occupancy date follows signature date
6901018925388983798,occupancy_or_vacancy_date,occupancy_after_signature,2025-08-01,reported occupancy date follows signature date
6847543734672234866,occupancy_or_vacancy_date,occupancy_after_signature,2022-12-27,reported occupancy date follows signature date
2584981230885591177,signature_date,invalid_date,0001/01/01,invalid or outside accepted year range
2588853822849166616,occupancy_or_vacancy_date,occupancy_after_signature,2023-08-01,reported occupancy date follows signature date
2607503933650705762,occupancy_or_vacancy_date,occupancy_after_signature,2025-03-01,reported occupancy date follows signature date
2604062094927086432,occupancy_or_vacancy_date,occupancy_after_signature,2025-05-15,reported occupancy date follows signature date
2617269180258846179,occupancy_or_vacancy_date,occupancy_after_signature,2024-03-15,reported occupancy date follows signature date
2591384061442028812,occupancy_or_vacancy_date,occupancy_after_signature,2024-11-23,reported occupancy date follows signature date
2602004509000944100,occupancy_or_vacancy_date,occupancy_after_signature,2023-08-01,reported occupancy date follows signature date
2591637608593395712,occupancy_or_vacancy_date,occupancy_after_signature,2022-10-01,reported occupancy date follows signature date
2674245067406488499,occupancy_or_vacancy_date,occupancy_after_signature,2022-06-22,reported occupancy date follows signature date
2624094439344429897,signature_date,invalid_date,0001/01/01,invalid or outside accepted year range
2670223612957718403,occupancy_or_vacancy_date,occupancy_after_signature,2023-05-15,reported occupancy date follows signature date
2623518599481280570,occupancy_or_vacancy_date,occupancy_after_signature,2024-04-01,reported occupancy date follows signature date
2650578302105865689,occupancy_or_vacancy_date,occupancy_after_signature,2024-04-01,reported occupancy date follows signature date
2669615756567041233,occupancy_or_vacancy_date,occupancy_after_signature,2026-11-01,reported occupancy date follows signature date
2676470237007515626,signature_date,invalid_date,0001/01/01,invalid or outside accepted year range
2714233544160389422,vacancy_date,invalid_date,1899/12/30,invalid or outside accepted year range
2722637957118530345,occupancy_or_vacancy_date,occupancy_after_signature,2024-06-01,reported occupancy date follows signature date
2727952264562651528,occupancy_or_vacancy_date,occupancy_after_signature,2024-06-15,reported occupancy date follows signature date
2691940884805369717,occupancy_or_vacancy_date,invalid_date,0199/09/15,invalid or outside accepted year range
2742801323846290595,occupancy_or_vacancy_date,occupancy_after_signature,2023-05-06,reported occupancy date follows signature date
2703414648266156444,occupancy_or_vacancy_date,occupancy_after_signature,2026-02-28,reported occupancy date follows signature date
2714347078815030345,occupancy_or_vacancy_date,occupancy_after_signature,2023-03-20,reported occupancy date follows signature date
2695968430656659346,occupancy_or_vacancy_date,occupancy_after_signature,2024-02-29,reported occupancy date follows signature date
2718156435243677762,occupancy_or_vacancy_date,occupancy_after_signature,2024-07-10,reported occupancy date follows signature date
2699321776756215747,occupancy_or_vacancy_date,occupancy_after_signature,2022-08-01,reported occupancy date follows signature date
2793810183644759214,occupancy_or_vacancy_date,occupancy_after_signature,2024-03-01,reported occupancy date follows signature date
2799701906520297618,occupancy_or_vacancy_date,occupancy_after_signature,2024-03-24,reported occupancy date follows signature date
2763646613308177577,occupancy_or_vacancy_date,occupancy_after_signature,2024-05-28,reported occupancy date follows signature date
2805153504541054543,occupancy_or_vacancy_date,occupancy_after_signature,2024-03-15,reported occupancy date follows signature date
2816075122997768481,occupancy_or_vacancy_date,invalid_date,2477/06/23,invalid or outside accepted year range
2778693377277020900,occupancy_or_vacancy_date,occupancy_after_signature,2025-05-15,reported occupancy date follows signature date
2782662007034388133,bedroom_count,unparseable_category,Garage,retained as raw label
2801319695214533526,occupancy_or_vacancy_date,occupancy_after_signature,2023-03-01,reported occupancy date follows signature date
2792549855468668147,bedroom_count,unparseable_category,1A,retained as raw label
2771572703173311368,occupancy_or_vacancy_date,invalid_date,1899/12/31,invalid or outside accepted year range
2776087901335045864,occupancy_or_vacancy_date,occupancy_after_signature,2023-05-27,reported occupancy date follows signature date
2821412910705796509,vacancy_date,invalid_date,1899/12/30,invalid or outside accepted year range
2786221553550841079,occupancy_or_vacancy_date,occupancy_after_signature,2026-02-18,reported occupancy date follows signature date
2807530356053386942,occupancy_or_vacancy_date,occupancy_after_signature,2025-08-01,reported occupancy date follows signature date
2774362265532209807,signature_date,invalid_date,0001/01/01,invalid or outside accepted year range
2839876291584212305,occupancy_or_vacancy_date,occupancy_after_signature,2023-02-25,reported occupancy date follows signature date
2873163856376975304,occupancy_or_vacancy_date,occupancy_after_signature,2023-06-23,reported occupancy date follows signature date
2854923089792915253,occupancy_or_vacancy_date,occupancy_after_signature,2026-06-27,reported occupancy date follows signature date
2849636213176282812,occupancy_or_vacancy_date,occupancy_after_signature,2024-04-15,reported occupancy date follows signature date
2881076606801623027,occupancy_or_vacancy_date,occupancy_after_signature,2025-03-01,reported occupancy date follows signature date
2847894159545311994,occupancy_or_vacancy_date,occupancy_after_signature,2026-08-06,reported occupancy date follows signature date
2852483207395811439,occupancy_or_vacancy_date,occupancy_after_signature,2022-12-27,reported occupancy date follows signature date
2864602023918047200,occupancy_or_vacancy_date,occupancy_after_signature,2023-02-15,reported occupancy date follows signature date
2840886805164331198,occupancy_or_vacancy_date,occupancy_after_signature,2022-07-15,reported occupancy date follows signature date
2848697562663084136,occupancy_or_vacancy_date,occupancy_after_signature,2024-08-15,reported occupancy date follows signature date
2954824282557255871,occupancy_or_vacancy_date,occupancy_after_signature,2025-10-01,reported occupancy date follows signature date
2912209091985819483,occupancy_or_vacancy_date,occupancy_after_signature,2023-03-01,reported occupancy date follows signature date
2912918371589829210,occupancy_or_vacancy_date,occupancy_after_signature,2025-12-16,reported occupancy date follows signature date
2919398682674286939,occupancy_or_vacancy_date,occupancy_after_signature,2023-03-01,reported occupancy date follows signature date
2906621883493685794,occupancy_or_vacancy_date,occupancy_after_signature,2023-04-14,reported occupancy date follows signature date
2956530998246364480,occupancy_or_vacancy_date,occupancy_after_signature,2022-07-15,reported occupancy date follows signature date
2907794591261092525,occupancy_or_vacancy_date,invalid_date,0202/10/26,invalid or outside accepted year range
2918706719796665050,occupancy_or_vacancy_date,occupancy_after_signature,2023-02-01,reported occupancy date follows signature date
2940699462073934749,occupancy_or_vacancy_date,occupancy_after_signature,2024-08-01,reported occupancy date follows signature date
3036554528032180445,occupancy_or_vacancy_date,occupancy_after_signature,2023-03-01,reported occupancy date follows signature date
2999352299350002934,vacancy_date,invalid_date,0024/01/31,invalid or outside accepted year range
3014205324694993477,occupancy_or_vacancy_date,occupancy_after_signature,2025-04-01,reported occupancy date follows signature date
3022425083525109109,occupancy_or_vacancy_date,occupancy_after_signature,2023-10-01,reported occupancy date follows signature date
3007173653040281271,bedroom_count,unparseable_category,2S,retained as raw label
3047563192454551675,occupancy_or_vacancy_date,invalid_date,2120/02/16,invalid or outside accepted year range
3095153348100584841,occupancy_or_vacancy_date,occupancy_after_signature,2023-03-08,reported occupancy date follows signature date
3091127171298415742,occupancy_or_vacancy_date,occupancy_after_signature,2022-07-01,reported occupancy date follows signature date
3105120704783685572,vacancy_date,invalid_date,0023/09/11,invalid or outside accepted year range
3051521243578917188,bathroom_count,unparseable_category,One-Bedroom,retained as raw label
3072962517630023165,occupancy_or_vacancy_date,occupancy_after_signature,2025-12-16,reported occupancy date follows signature date
3079063825955153685,occupancy_or_vacancy_date,occupancy_after_signature,2023-06-12,reported occupancy date follows signature date
3080837576056402572,signature_date,invalid_date,0001/01/01,invalid or outside accepted year range
3102111596495336970,occupancy_or_vacancy_date,occupancy_after_signature,2024-09-24,reported occupancy date follows signature date
3057822761670229697,occupancy_or_vacancy_date,occupancy_after_signature,2025-05-16,reported occupancy date follows signature date
3181010364493004745,occupancy_or_vacancy_date,occupancy_after_signature,2025-09-16,reported occupancy date follows signature date
3170934794999781090,occupancy_or_vacancy_date,occupancy_after_signature,2022-07-13,reported occupancy date follows signature date
3128655010309830121,occupancy_or_vacancy_date,occupancy_after_signature,2026-09-21,reported occupancy date follows signature date
3151601597888925064,occupancy_or_vacancy_date,occupancy_after_signature,2024-09-01,reported occupancy date follows signature date
3180880401522916184,occupancy_or_vacancy_date,occupancy_after_signature,2023-03-01,reported occupancy date follows signature date
3124183874524486463,occupancy_or_vacancy_date,occupancy_after_signature,2023-03-01,reported occupancy date follows signature date
3177773442715565453,occupancy_or_vacancy_date,occupancy_after_signature,2025-06-01,reported occupancy date follows signature date
3201504168893016701,occupancy_or_vacancy_date,occupancy_after_signature,2025-12-04,reported occupancy date follows signature date
3206006791071232840,occupancy_or_vacancy_date,occupancy_after_signature,2022-12-27,reported occupancy date follows signature date
3209126358721669463,occupancy_or_vacancy_date,occupancy_after_signature,2022-11-11,reported occupancy date follows signature date
3245643155564207051,occupancy_or_vacancy_date,occupancy_after_signature,2023-06-01,reported occupancy date follows signature date
3255959827277246864,occupancy_or_vacancy_date,occupancy_after_signature,2024-02-01,reported occupancy date follows signature date
3192600063587311771,occupancy_or_vacancy_date,occupancy_after_signature,2024-03-01,reported occupancy date follows signature date
3213012252304454450,occupancy_or_vacancy_date,occupancy_after_signature,2023-04-01,reported occupancy date follows signature date
3250572463537130528,occupancy_or_vacancy_date,occupancy_after_signature,2025-02-02,reported occupancy date follows signature date
3187005930578305626,occupancy_or_vacancy_date,occupancy_after_signature,2023-03-01,reported occupancy date follows signature date
3194151002377559827,occupancy_or_vacancy_date,occupancy_after_signature,2025-05-23,reported occupancy date follows signature date
3230408175386687572,occupancy_or_vacancy_date,occupancy_after_signature,2024-12-05,reported occupancy date follows signature date
3241600026039265597,occupancy_or_vacancy_date,occupancy_after_signature,2024-06-06,reported occupancy date follows signature date
3197924838290880999,occupancy_or_vacancy_date,occupancy_after_signature,2025-07-21,reported occupancy date follows signature date
3233332127555586060,occupancy_or_vacancy_date,occupancy_after_signature,2024-05-01,reported occupancy date follows signature date
3255523310300122443,occupancy_or_vacancy_date,occupancy_after_signature,2023-05-01,reported occupancy date follows signature date
3218970311653441930,occupancy_or_vacancy_date,occupancy_after_signature,2024-11-01,reported occupancy date follows signature date
3300282588468631629,signature_date,invalid_date,0001/01/01,invalid or outside accepted year range
3269778915785137493,occupancy_or_vacancy_date,occupancy_after_signature,2023-02-28,reported occupancy date follows signature date
3275655041712553539,occupancy_or_vacancy_date,occupancy_after_signature,2024-05-01,reported occupancy date follows signature date
3323214589532934604,occupancy_or_vacancy_date,invalid_date,0211/08/22,invalid or outside accepted year range
3263805516780103095,occupancy_or_vacancy_date,occupancy_after_signature,2025-12-02,reported occupancy date follows signature date
3327141854610358632,occupancy_or_vacancy_date,occupancy_after_signature,2026-08-17,reported occupancy date follows signature date
3285929838024302051,occupancy_or_vacancy_date,occupancy_after_signature,2023-03-21,reported occupancy date follows signature date
3319619287741265433,occupancy_or_vacancy_date,occupancy_after_signature,2025-10-20,reported occupancy date follows signature date
3312974511019370184,occupancy_or_vacancy_date,occupancy_after_signature,2025-03-15,reported occupancy date follows signature date
3272098544410790617,occupancy_or_vacancy_date,occupancy_after_signature,2023-03-03,reported occupancy date follows signature date
3336495967322378907,occupancy_or_vacancy_date,occupancy_after_signature,2024-08-01,reported occupancy date follows signature date
3367780865807270048,occupancy_or_vacancy_date,occupancy_after_signature,2022-11-09,reported occupancy date follows signature date
3379919340021246014,occupancy_or_vacancy_date,occupancy_after_signature,2022-09-09,reported occupancy date follows signature date
3401064489884914406,bathroom_count,unparseable_category,1bathroom,retained as raw label
3346055855403388565,occupancy_or_vacancy_date,occupancy_after_signature,2023-02-01,reported occupancy date follows signature date
3349908811989399182,occupancy_or_vacancy_date,occupancy_after_signature,2022-08-01,reported occupancy date follows signature date
3383388545670054119,occupancy_or_vacancy_date,occupancy_after_signature,2024-04-01,reported occupancy date follows signature date
3342028671390890881,occupancy_or_vacancy_date,occupancy_after_signature,2023-06-15,reported occupancy date follows signature date
3355826717859524062,occupancy_or_vacancy_date,occupancy_after_signature,2022-09-01,reported occupancy date follows signature date
3368700319842408075,occupancy_or_vacancy_date,occupancy_after_signature,2024-07-15,reported occupancy date follows signature date
3420256355600384421,occupancy_or_vacancy_date,occupancy_after_signature,2025-10-15,reported occupancy date follows signature date
3444320021452269389,occupancy_or_vacancy_date,invalid_date,0201/10/01,invalid or outside accepted year range
3425955050603962493,occupancy_or_vacancy_date,occupancy_after_signature,2024-05-10,reported occupancy date follows signature date
3449949076552102744,occupancy_or_vacancy_date,occupancy_after_signature,2026-05-13,reported occupancy date follows signature date
3478136934084262683,vacancy_date,invalid_date,1899/12/30,invalid or outside accepted year range
3434235674176112603,occupancy_or_vacancy_date,invalid_date,0202/06/01,invalid or outside accepted year range
3465435949700215311,occupancy_or_vacancy_date,occupancy_after_signature,2024-03-01,reported occupancy date follows signature date
3444141236443416112,occupancy_or_vacancy_date,occupancy_after_signature,2025-02-23,reported occupancy date follows signature date
3452446082276616615,occupancy_or_vacancy_date,occupancy_after_signature,2023-06-01,reported occupancy date follows signature date
3422430017972826425,occupancy_or_vacancy_date,occupancy_after_signature,2026-02-28,reported occupancy date follows signature date
3447879110706571259,occupancy_or_vacancy_date,occupancy_after_signature,2025-08-23,reported occupancy date follows signature date
3405514478278237841,occupancy_or_vacancy_date,occupancy_after_signature,2023-03-15,reported occupancy date follows signature date
3456962631712269661,occupancy_or_vacancy_date,occupancy_after_signature,2023-07-28,reported occupancy date follows signature date
3465262535788696191,occupancy_or_vacancy_date,occupancy_after_signature,2026-07-01,reported occupancy date follows signature date
3546446162476994743,occupancy_or_vacancy_date,occupancy_after_signature,2025-12-12,reported occupancy date follows signature date
3513807730222948775,occupancy_or_vacancy_date,occupancy_after_signature,2025-04-20,reported occupancy date follows signature date
3540244567443338734,occupancy_or_vacancy_date,occupancy_after_signature,2023-06-01,reported occupancy date follows signature date
3520659243824185772,occupancy_or_vacancy_date,invalid_date,0202/07/31,invalid or outside accepted year range
3515362195742468641,occupancy_or_vacancy_date,occupancy_after_signature,2024-08-10,reported occupancy date follows signature date
3484977014297594218,occupancy_or_vacancy_date,occupancy_after_signature,2025-11-15,reported occupancy date follows signature date
3532787499725320408,occupancy_or_vacancy_date,occupancy_after_signature,2024-11-15,reported occupancy date follows signature date
3487882048404753628,bathroom_count,unparseable_category,1bathroom,retained as raw label
3524570767251623149,occupancy_or_vacancy_date,occupancy_after_signature,2025-12-31,reported occupancy date follows signature date
3530896648103838537,occupancy_or_vacancy_date,occupancy_after_signature,2024-12-07,reported occupancy date follows signature date
3590360893950654510,occupancy_or_vacancy_date,occupancy_after_signature,2023-12-01,reported occupancy date follows signature date
3591620836003433757,occupancy_or_vacancy_date,occupancy_after_signature,2024-03-01,reported occupancy date follows signature date
3611389727012430093,occupancy_or_vacancy_date,occupancy_after_signature,2023-04-02,reported occupancy date follows signature date
3581104004041652564,occupancy_or_vacancy_date,occupancy_after_signature,2025-12-13,reported occupancy date follows signature date
3593102619911586126,occupancy_or_vacancy_date,occupancy_after_signature,2024-05-30,reported occupancy date follows signature date
3594484447255616078,occupancy_or_vacancy_date,occupancy_after_signature,2023-02-06,reported occupancy date follows signature date
3599109663702128170,occupancy_or_vacancy_date,occupancy_after_signature,2024-05-01,reported occupancy date follows signature date
3620948109901551074,occupancy_or_vacancy_date,occupancy_after_signature,2026-04-27,reported occupancy date follows signature date
3566852346950609747,occupancy_or_vacancy_date,occupancy_after_signature,2025-01-17,reported occupancy date follows signature date
3574515482281611159,signature_date,invalid_date,0001/01/01,invalid or outside accepted year range
3607018029953671892,occupancy_or_vacancy_date,occupancy_after_signature,2025-05-01,reported occupancy date follows signature date
3617435562208590905,occupancy_or_vacancy_date,occupancy_after_signature,2024-03-01,reported occupancy date follows signature date
3583927273096700144,occupancy_or_vacancy_date,occupancy_after_signature,2023-08-15,reported occupancy date follows signature date
3610228229858208376,occupancy_or_vacancy_date,occupancy_after_signature,2025-03-15,reported occupancy date follows signature date
3576727246970830800,signature_date,invalid_date,0001/01/01,invalid or outside accepted year range
3603471105899760971,occupancy_or_vacancy_date,occupancy_after_signature,2025-05-01,reported occupancy date follows signature date
3686344187805246662,vacancy_date,invalid_date,0023/05/20,invalid or outside accepted year range
3631784382473408583,bedroom_count,unparseable_category,Garage,retained as raw label
3650095941851401489,vacancy_date,invalid_date,0023/12/17,invalid or outside accepted year range
3660538114099322332,occupancy_or_vacancy_date,occupancy_after_signature,2024-07-20,reported occupancy date follows signature date
3631182325271793227,occupancy_or_vacancy_date,occupancy_after_signature,2025-06-20,reported occupancy date follows signature date
3629289725779533441,occupancy_or_vacancy_date,occupancy_after_signature,2022-11-01,reported occupancy date follows signature date
3654910616842028899,occupancy_or_vacancy_date,occupancy_after_signature,2025-10-18,reported occupancy date follows signature date
3663695162678297103,occupancy_or_vacancy_date,occupancy_after_signature,2024-12-17,reported occupancy date follows signature date
3662442309252347879,occupancy_or_vacancy_date,occupancy_after_signature,2024-02-24,reported occupancy date follows signature date
3767981695056974823,occupancy_or_vacancy_date,occupancy_after_signature,2022-12-27,reported occupancy date follows signature date
3743344144311374577,occupancy_or_vacancy_date,occupancy_after_signature,2022-09-01,reported occupancy date follows signature date
3771317641689735889,occupancy_or_vacancy_date,occupancy_after_signature,2023-03-01,reported occupancy date follows signature date
3744826162869372603,occupancy_or_vacancy_date,occupancy_after_signature,2022-12-27,reported occupancy date follows signature date
3702159062541767118,occupancy_or_vacancy_date,occupancy_after_signature,2024-04-01,reported occupancy date follows signature date
3718751528935171370,occupancy_or_vacancy_date,occupancy_after_signature,2025-02-01,reported occupancy date follows signature date
3729431622378136613,occupancy_or_vacancy_date,occupancy_after_signature,2022-10-08,reported occupancy date follows signature date
3713235823454624485,bedroom_count,unparseable_category,2T,retained as raw label
3751734708457682824,bedroom_count,unparseable_category,2U,retained as raw label
3823587031510889950,occupancy_or_vacancy_date,occupancy_after_signature,2023-03-14,reported occupancy date follows signature date
3844769347819395641,vacancy_date,invalid_date,0024/02/15,invalid or outside accepted year range
3818813207263301302,occupancy_or_vacancy_date,occupancy_after_signature,2026-01-18,reported occupancy date follows signature date
3781476345641717099,vacancy_date,invalid_date,0026/01/06,invalid or outside accepted year range
3810648231725564483,occupancy_or_vacancy_date,occupancy_after_signature,2022-12-27,reported occupancy date follows signature date
3776048350762108480,occupancy_or_vacancy_date,occupancy_after_signature,2022-12-30,reported occupancy date follows signature date
3918615533082000183,occupancy_or_vacancy_date,occupancy_after_signature,2026-02-09,reported occupancy date follows signature date
3873710316024451037,occupancy_or_vacancy_date,occupancy_after_signature,2026-08-21,reported occupancy date follows signature date
3917105190103409124,occupancy_or_vacancy_date,occupancy_after_signature,2025-08-01,reported occupancy date follows signature date
3874649156055265926,occupancy_or_vacancy_date,occupancy_after_signature,2023-02-01,reported occupancy date follows signature date
3899202787864415630,occupancy_or_vacancy_date,occupancy_after_signature,2023-03-21,reported occupancy date follows signature date
3885188437835047942,occupancy_or_vacancy_date,occupancy_after_signature,2025-11-05,reported occupancy date follows signature date
3918529698645617178,occupancy_or_vacancy_date,occupancy_after_signature,2025-05-24,reported occupancy date follows signature date
3873175090864792941,occupancy_or_vacancy_date,occupancy_after_signature,2026-03-15,reported occupancy date follows signature date
3916550681766854660,occupancy_or_vacancy_date,occupancy_after_signature,2024-12-28,reported occupancy date follows signature date
3935618274600633745,occupancy_or_vacancy_date,occupancy_after_signature,2025-10-15,reported occupancy date follows signature date
3943319703673910924,occupancy_or_vacancy_date,occupancy_after_signature,2023-12-01,reported occupancy date follows signature date
3985282986228307594,bedroom_count,unparseable_category,0U,retained as raw label
3925160362687646220,occupancy_or_vacancy_date,occupancy_after_signature,2024-02-15,reported occupancy date follows signature date
3947051044688550149,occupancy_or_vacancy_date,occupancy_after_signature,2024-05-01,reported occupancy date follows signature date
3992437329905019624,occupancy_or_vacancy_date,occupancy_after_signature,2024-10-01,reported occupancy date follows signature date
3994222146844590655,occupancy_or_vacancy_date,occupancy_after_signature,2023-03-10,reported occupancy date follows signature date
3995294193317596292,occupancy_or_vacancy_date,occupancy_after_signature,2023-03-25,reported occupancy date follows signature date
3936183259755479241,occupancy_or_vacancy_date,occupancy_after_signature,2023-03-01,reported occupancy date follows signature date
3951834679779333519,occupancy_or_vacancy_date,occupancy_after_signature,2024-03-12,reported occupancy date follows signature date
3954405475460832137,occupancy_or_vacancy_date,occupancy_after_signature,2025-02-24,reported occupancy date follows signature date
4019885048188924737,occupancy_or_vacancy_date,occupancy_after_signature,2025-12-31,reported occupancy date follows signature date
4023051612301985338,occupancy_or_vacancy_date,occupancy_after_signature,2026-02-03,reported occupancy date follows signature date
4066922734910081753,occupancy_or_vacancy_date,occupancy_after_signature,2024-04-27,reported occupancy date follows signature date
4022949806548216172,occupancy_or_vacancy_date,occupancy_after_signature,2023-05-27,reported occupancy date follows signature date
4040292219871114781,bedroom_count,unparseable_category,2AH,retained as raw label
4043156989749964065,occupancy_or_vacancy_date,occupancy_after_signature,2023-03-15,reported occupancy date follows signature date
4002422615680856491,bedroom_count,unparseable_category,Garage,retained as raw label
4015407432087768008,occupancy_or_vacancy_date,occupancy_after_signature,2023-10-14,reported occupancy date follows signature date
4043790253406456620,occupancy_or_vacancy_date,occupancy_after_signature,2023-05-18,reported occupancy date follows signature date
4051142767476846579,occupancy_or_vacancy_date,occupancy_after_signature,2023-04-01,reported occupancy date follows signature date
4018398638024964979,occupancy_or_vacancy_date,occupancy_after_signature,2026-09-15,reported occupancy date follows signature date
4076780075843342855,occupancy_or_vacancy_date,occupancy_after_signature,2025-10-01,reported occupancy date follows signature date
4112447741412842883,occupancy_or_vacancy_date,occupancy_after_signature,2023-01-27,reported occupancy date follows signature date
4130893478465713039,occupancy_or_vacancy_date,occupancy_after_signature,2024-04-01,reported occupancy date follows signature date
4099123664833114534,occupancy_or_vacancy_date,occupancy_after_signature,2026-02-01,reported occupancy date follows signature date
4141637543503595362,occupancy_or_vacancy_date,occupancy_after_signature,2025-03-12,reported occupancy date follows signature date
4095248353698301973,occupancy_or_vacancy_date,occupancy_after_signature,2025-04-01,reported occupancy date follows signature date
4103437391726045555,occupancy_or_vacancy_date,occupancy_after_signature,2024-03-01,reported occupancy date follows signature date
4073973306572174512,occupancy_or_vacancy_date,occupancy_after_signature,2024-09-01,reported occupancy date follows signature date
4113596090613676594,occupancy_or_vacancy_date,occupancy_after_signature,2025-12-13,reported occupancy date follows signature date
4145800445178238822,occupancy_or_vacancy_date,occupancy_after_signature,2022-12-27,reported occupancy date follows signature date
4147989451969096110,occupancy_or_vacancy_date,occupancy_after_signature,2024-03-02,reported occupancy date follows signature date
4180314863431988193,signature_date,invalid_date,0001/01/01,invalid or outside accepted year range
4168064802477591893,occupancy_or_vacancy_date,occupancy_after_signature,2025-09-08,reported occupancy date follows signature date
4162292022615114873,occupancy_or_vacancy_date,occupancy_after_signature,2024-05-24,reported occupancy date follows signature date
4156170238084608374,occupancy_or_vacancy_date,occupancy_after_signature,2024-02-15,reported occupancy date follows signature date
4176046919472345500,occupancy_or_vacancy_date,occupancy_after_signature,2026-01-02,reported occupancy date follows signature date
4183857513100394634,occupancy_or_vacancy_date,invalid_date,0202/10/01,invalid or outside accepted year range
4171526684774993324,occupancy_or_vacancy_date,occupancy_after_signature,2023-03-28,reported occupancy date follows signature date
4208241978193689777,occupancy_or_vacancy_date,invalid_date,1079/10/01,invalid or outside accepted year range
4216730286927053812,occupancy_or_vacancy_date,occupancy_after_signature,2026-08-24,reported occupancy date follows signature date
4193413524621063998,occupancy_or_vacancy_date,occupancy_after_signature,2022-07-03,reported occupancy date follows signature date
4264998390792483897,signature_date,invalid_date,0001/01/01,invalid or outside accepted year range
4280070825581727846,occupancy_or_vacancy_date,occupancy_after_signature,2025-08-01,reported occupancy date follows signature date
4243294745996684868,signature_date,invalid_date,0001/01/01,invalid or outside accepted year range
4253681173811377446,occupancy_or_vacancy_date,occupancy_after_signature,2022-07-01,reported occupancy date follows signature date
4287806022801642568,occupancy_or_vacancy_date,occupancy_after_signature,2025-02-16,reported occupancy date follows signature date
4241703233487877013,occupancy_or_vacancy_date,occupancy_after_signature,2024-08-20,reported occupancy date follows signature date
4238884346058241198,occupancy_or_vacancy_date,occupancy_after_signature,2025-12-07,reported occupancy date follows signature date
4276366671348681239,occupancy_or_vacancy_date,occupancy_after_signature,2025-12-15,reported occupancy date follows signature date
4285892639205201276,occupancy_or_vacancy_date,occupancy_after_signature,2022-11-01,reported occupancy date follows signature date
4289304774569956250,signature_date,invalid_date,0001/01/01,invalid or outside accepted year range
4231706553669385379,occupancy_or_vacancy_date,occupancy_after_signature,2025-03-15,reported occupancy date follows signature date
4255912681364295856,occupancy_or_vacancy_date,occupancy_after_signature,2023-02-28,reported occupancy date follows signature date
4267677706332978964,occupancy_or_vacancy_date,occupancy_after_signature,2024-09-18,reported occupancy date follows signature date
4310709258074734546,occupancy_or_vacancy_date,occupancy_after_signature,2023-07-01,reported occupancy date follows signature date
4330905562887789424,occupancy_or_vacancy_date,occupancy_after_signature,2023-03-01,reported occupancy date follows signature date
4349175379415269425,occupancy_or_vacancy_date,occupancy_after_signature,2025-11-15,reported occupancy date follows signature date
4354940193997587388,occupancy_or_vacancy_date,occupancy_after_signature,2023-02-25,reported occupancy date follows signature date
4299737866832225618,occupancy_or_vacancy_date,occupancy_after_signature,2023-03-01,reported occupancy date follows signature date
4292219706914889496,signature_date,invalid_date,0001/01/01,invalid or outside accepted year range
4316149151623579473,signature_date,invalid_date,0001/01/01,invalid or outside accepted year range
4332439795518850953,occupancy_or_vacancy_date,invalid_date,0204/11/27,invalid or outside accepted year range
4296459250817387408,signature_date,invalid_date,0001/01/01,invalid or outside accepted year range
4343045033837882683,signature_date,invalid_date,0001/01/01,invalid or outside accepted year range
4396847979106284349,occupancy_or_vacancy_date,occupancy_after_signature,2025-12-29,reported occupancy date follows signature date
4404148409879519081,signature_date,invalid_date,0001/01/01,invalid or outside accepted year range
4409435681334916779,occupancy_or_vacancy_date,occupancy_after_signature,2023-07-28,reported occupancy date follows signature date
4368099750446831637,vacancy_date,invalid_date,0023/12/18,invalid or outside accepted year range
4425968927738665743,occupancy_or_vacancy_date,occupancy_after_signature,2025-08-01,reported occupancy date follows signature date
4414100619664575152,occupancy_or_vacancy_date,occupancy_after_signature,2023-12-01,reported occupancy date follows signature date
4446985803621360611,bedroom_count,unparseable_category,1U,retained as raw label
4489665477651438355,occupancy_or_vacancy_date,occupancy_after_signature,2026-01-01,reported occupancy date follows signature date
4491662876105017310,occupancy_or_vacancy_date,occupancy_after_signature,2022-07-15,reported occupancy date follows signature date
4473921450382564847,occupancy_or_vacancy_date,occupancy_after_signature,2022-09-09,reported occupancy date follows signature date
4445852782073866621,occupancy_or_vacancy_date,occupancy_after_signature,2023-07-01,reported occupancy date follows signature date
4457761272067282732,bedroom_count,unparseable_category,0AH,retained as raw label
4439058677971769538,occupancy_or_vacancy_date,occupancy_after_signature,2024-09-20,reported occupancy date follows signature date
4507864960001238564,occupancy_or_vacancy_date,occupancy_after_signature,2023-06-04,reported occupancy date follows signature date
4467137273056685826,occupancy_or_vacancy_date,occupancy_after_signature,2025-11-15,reported occupancy date follows signature date
4470741071445754350,signature_date,invalid_date,0001/01/01,invalid or outside accepted year range
4475546058862281057,occupancy_or_vacancy_date,occupancy_after_signature,2024-04-23,reported occupancy date follows signature date
4488379190697008346,occupancy_or_vacancy_date,occupancy_after_signature,2024-06-28,reported occupancy date follows signature date
4494137485755493430,occupancy_or_vacancy_date,occupancy_after_signature,2024-09-20,reported occupancy date follows signature date
4437381595473702633,occupancy_or_vacancy_date,occupancy_after_signature,2026-02-01,reported occupancy date follows signature date
4515127932654268049,occupancy_or_vacancy_date,occupancy_after_signature,2023-03-16,reported occupancy date follows signature date
4530807001279987943,occupancy_or_vacancy_date,invalid_date,2477/06/12,invalid or outside accepted year range
4536895211717799041,occupancy_or_vacancy_date,occupancy_after_signature,2023-03-01,reported occupancy date follows signature date
4575504764983530751,occupancy_or_vacancy_date,occupancy_after_signature,2022-06-30,reported occupancy date follows signature date
4531888680187181395,occupancy_or_vacancy_date,occupancy_after_signature,2022-07-29,reported occupancy date follows signature date
4572697152597220837,occupancy_or_vacancy_date,occupancy_after_signature,2024-04-20,reported occupancy date follows signature date
4514556015007131301,occupancy_or_vacancy_date,occupancy_after_signature,2025-12-05,reported occupancy date follows signature date
4575364185744180293,occupancy_or_vacancy_date,occupancy_after_signature,2024-03-01,reported occupancy date follows signature date
4585644477023469378,occupancy_or_vacancy_date,occupancy_after_signature,2023-10-01,reported occupancy date follows signature date
4586727517690999076,occupancy_or_vacancy_date,occupancy_after_signature,2022-10-07,reported occupancy date follows signature date
4625907063899903377,vacancy_date,invalid_date,0204/11/01,invalid or outside accepted year range
4641809005789834388,occupancy_or_vacancy_date,occupancy_after_signature,2024-02-17,reported occupancy date follows signature date
4598879411582163082,occupancy_or_vacancy_date,occupancy_after_signature,2025-05-05,reported occupancy date follows signature date
4584144952606313176,occupancy_or_vacancy_date,occupancy_after_signature,2024-03-01,reported occupancy date follows signature date
4633932051872277383,signature_date,invalid_date,0001/01/01,invalid or outside accepted year range
4599331216080427534,occupancy_or_vacancy_date,occupancy_after_signature,2025-11-01,reported occupancy date follows signature date
4636923276494011246,occupancy_or_vacancy_date,occupancy_after_signature,2025-07-07,reported occupancy date follows signature date
4615011573448891935,signature_date,invalid_date,0001/01/01,invalid or outside accepted year range
4612712707441018037,occupancy_or_vacancy_date,occupancy_after_signature,2023-04-01,reported occupancy date follows signature date
4639114451821089056,occupancy_or_vacancy_date,occupancy_after_signature,2023-03-08,reported occupancy date follows signature date
4651024193287105996,occupancy_or_vacancy_date,occupancy_after_signature,2026-02-14,reported occupancy date follows signature date
4653939403787092302,occupancy_or_vacancy_date,invalid_date,1899/12/31,invalid or outside accepted year range
4655726438252512531,occupancy_or_vacancy_date,occupancy_after_signature,2026-06-28,reported occupancy date follows signature date
4657091321927825649,occupancy_or_vacancy_date,occupancy_after_signature,2023-05-15,reported occupancy date follows signature date
4659652767115444872,occupancy_or_vacancy_date,occupancy_after_signature,2026-03-01,reported occupancy date follows signature date
4671979059269056737,occupancy_or_vacancy_date,occupancy_after_signature,2024-02-01,reported occupancy date follows signature date
4660380958666285384,occupancy_or_vacancy_date,occupancy_after_signature,2023-03-11,reported occupancy date follows signature date
-6960748808710643937,occupancy_or_vacancy_date,occupancy_after_signature,2022-06-14,reported occupancy date follows signature date
-6937210591698138596,occupancy_or_vacancy_date,occupancy_after_signature,2025-04-04,reported occupancy date follows signature date
-6934327476124997977,occupancy_or_vacancy_date,occupancy_after_signature,2022-10-06,reported occupancy date follows signature date
-6934083954927167523,occupancy_or_vacancy_date,occupancy_after_signature,2025-12-29,reported occupancy date follows signature date
-6941920137332173290,occupancy_or_vacancy_date,occupancy_after_signature,2024-08-03,reported occupancy date follows signature date
-6924956676232584890,occupancy_or_vacancy_date,occupancy_after_signature,2025-04-01,reported occupancy date follows signature date
-6930568866250475450,occupancy_or_vacancy_date,occupancy_after_signature,2023-04-01,reported occupancy date follows signature date
-6946370678825441227,occupancy_or_vacancy_date,occupancy_after_signature,2024-04-10,reported occupancy date follows signature date
-6863391809564425956,occupancy_or_vacancy_date,occupancy_after_signature,2023-02-22,reported occupancy date follows signature date
-6908854285046224040,occupancy_or_vacancy_date,occupancy_after_signature,2024-12-17,reported occupancy date follows signature date
-6903934673625508075,occupancy_or_vacancy_date,occupancy_after_signature,2025-07-15,reported occupancy date follows signature date
-6906687243235427360,occupancy_or_vacancy_date,occupancy_after_signature,2025-10-01,reported occupancy date follows signature date
-6891448288668882499,occupancy_or_vacancy_date,invalid_date,1899/12/31,invalid or outside accepted year range
-6874198138934390636,occupancy_or_vacancy_date,occupancy_after_signature,2024-07-28,reported occupancy date follows signature date
-6923380750621997951,occupancy_or_vacancy_date,occupancy_after_signature,2022-08-01,reported occupancy date follows signature date
-6893308909813603728,occupancy_or_vacancy_date,occupancy_after_signature,2024-07-17,reported occupancy date follows signature date
-6863019936691854743,occupancy_or_vacancy_date,occupancy_after_signature,2024-08-11,reported occupancy date follows signature date
-6881168458545016977,occupancy_or_vacancy_date,occupancy_after_signature,2024-02-12,reported occupancy date follows signature date
-6824200900662770674,occupancy_or_vacancy_date,occupancy_after_signature,2024-07-15,reported occupancy date follows signature date
-6807530783306211818,occupancy_or_vacancy_date,occupancy_after_signature,2023-03-01,reported occupancy date follows signature date
-6805855189790953786,occupancy_or_vacancy_date,occupancy_after_signature,2024-05-01,reported occupancy date follows signature date
-6802920150774587954,occupancy_or_vacancy_date,occupancy_after_signature,2023-10-07,reported occupancy date follows signature date
-6794861444920309575,occupancy_or_vacancy_date,occupancy_after_signature,2025-01-05,reported occupancy date follows signature date
-6841155890756343492,occupancy_or_vacancy_date,occupancy_after_signature,2024-12-01,reported occupancy date follows signature date
-6818848577759087260,occupancy_or_vacancy_date,occupancy_after_signature,2024-02-19,reported occupancy date follows signature date
-6809077608824840319,occupancy_or_vacancy_date,occupancy_after_signature,2022-07-11,reported occupancy date follows signature date
-6847382383555567634,occupancy_or_vacancy_date,occupancy_after_signature,2022-12-01,reported occupancy date follows signature date
-6797851687618152962,occupancy_or_vacancy_date,occupancy_after_signature,2022-10-01,reported occupancy date follows signature date
-6777281454868698228,occupancy_or_vacancy_date,occupancy_after_signature,2026-09-02,reported occupancy date follows signature date
-6716461979925381734,occupancy_or_vacancy_date,occupancy_after_signature,2025-02-15,reported occupancy date follows signature date
-6763211147164658743,occupancy_or_vacancy_date,occupancy_after_signature,2022-12-07,reported occupancy date follows signature date
-6741186958278892655,occupancy_or_vacancy_date,occupancy_after_signature,2022-07-01,reported occupancy date follows signature date
-6738314626768056400,occupancy_or_vacancy_date,invalid_date,2586/05/23,invalid or outside accepted year range
-6712152135032379843,occupancy_or_vacancy_date,invalid_date,0022/01/16,invalid or outside accepted year range
-6708886630620373333,occupancy_or_vacancy_date,occupancy_after_signature,2024-04-01,reported occupancy date follows signature date
-6752542887518926058,occupancy_or_vacancy_date,occupancy_after_signature,2023-03-15,reported occupancy date follows signature date
-6739967490481828745,occupancy_or_vacancy_date,invalid_date,0003/11/01,invalid or outside accepted year range
-6671517228946007243,signature_date,invalid_date,0001/01/01,invalid or outside accepted year range
-6660303363706182449,occupancy_or_vacancy_date,invalid_date,0021/01/03,invalid or outside accepted year range
-6706431643932451143,occupancy_or_vacancy_date,invalid_date,0121/03/01,invalid or outside accepted year range
-6693796952971850566,occupancy_or_vacancy_date,occupancy_after_signature,2025-07-15,reported occupancy date follows signature date
-6636291397638157236,occupancy_or_vacancy_date,occupancy_after_signature,2025-07-15,reported occupancy date follows signature date
-6680712889293651668,occupancy_or_vacancy_date,occupancy_after_signature,2023-01-09,reported occupancy date follows signature date
-6662970331408534321,occupancy_or_vacancy_date,occupancy_after_signature,2023-11-01,reported occupancy date follows signature date
-6660087786932675766,occupancy_or_vacancy_date,occupancy_after_signature,2025-09-01,reported occupancy date follows signature date
-6647492143102908277,occupancy_or_vacancy_date,occupancy_after_signature,2025-02-01,reported occupancy date follows signature date
-6665281242870434801,occupancy_or_vacancy_date,occupancy_after_signature,2024-12-14,reported occupancy date follows signature date
-6690332986340622902,occupancy_or_vacancy_date,occupancy_after_signature,2023-03-10,reported occupancy date follows signature date
-6696954101114176663,occupancy_or_vacancy_date,occupancy_after_signature,2024-07-12,reported occupancy date follows signature date
-6673882291661079575,occupancy_or_vacancy_date,occupancy_after_signature,2022-07-01,reported occupancy date follows signature date
-6621166000182657105,occupancy_or_vacancy_date,occupancy_after_signature,2025-02-01,reported occupancy date follows signature date
-6578495364270644514,signature_date,invalid_date,0001/01/01,invalid or outside accepted year range
-6611012444368899102,occupancy_or_vacancy_date,occupancy_after_signature,2024-03-01,reported occupancy date follows signature date
-6609861350588237905,occupancy_or_vacancy_date,occupancy_after_signature,2024-03-01,reported occupancy date follows signature date
-6618558492887393292,occupancy_or_vacancy_date,occupancy_after_signature,2022-09-20,reported occupancy date follows signature date
-6626164507059319470,occupancy_or_vacancy_date,occupancy_after_signature,2024-05-01,reported occupancy date follows signature date
-6577462377605252890,bedroom_count,unparseable_category,2A,retained as raw label
-6611153720894089197,occupancy_or_vacancy_date,invalid_date,0202/10/26,invalid or outside accepted year range
-6545124250805560231,signature_date,invalid_date,0001/01/01,invalid or outside accepted year range
-6514160850384192428,signature_date,invalid_date,0001/01/01,invalid or outside accepted year range
-6495944708757161944,occupancy_or_vacancy_date,occupancy_after_signature,2024-10-24,reported occupancy date follows signature date
-6493829485674120253,occupancy_or_vacancy_date,occupancy_after_signature,2023-06-01,reported occupancy date follows signature date
-6518565244467481865,occupancy_or_vacancy_date,occupancy_after_signature,2026-04-27,reported occupancy date follows signature date
-6523155162203661576,occupancy_or_vacancy_date,invalid_date,0202/01/25,invalid or outside accepted year range
-6519059583156483411,occupancy_or_vacancy_date,invalid_date,2503/07/02,invalid or outside accepted year range
-6542256337596976327,occupancy_or_vacancy_date,occupancy_after_signature,2022-11-03,reported occupancy date follows signature date
-6530228446851191077,occupancy_or_vacancy_date,occupancy_after_signature,2024-02-01,reported occupancy date follows signature date
-6503329925335566105,occupancy_or_vacancy_date,occupancy_after_signature,2024-04-19,reported occupancy date follows signature date
-6518699339189121524,occupancy_or_vacancy_date,occupancy_after_signature,2025-08-01,reported occupancy date follows signature date
-6558098800226877626,occupancy_or_vacancy_date,occupancy_after_signature,2024-11-24,reported occupancy date follows signature date
-6430565099953091707,occupancy_or_vacancy_date,occupancy_after_signature,2025-03-15,reported occupancy date follows signature date
-6427894684229196651,occupancy_or_vacancy_date,occupancy_after_signature,2023-03-07,reported occupancy date follows signature date
-6426036954295944590,occupancy_or_vacancy_date,occupancy_after_signature,2026-04-04,reported occupancy date follows signature date
-6487949703885499388,occupancy_or_vacancy_date,occupancy_after_signature,2023-04-01,reported occupancy date follows signature date
-6473286973724709240,occupancy_or_vacancy_date,occupancy_after_signature,2023-04-25,reported occupancy date follows signature date
-6443017891918538267,occupancy_or_vacancy_date,occupancy_after_signature,2023-11-01,reported occupancy date follows signature date
-6437520267407710003,occupancy_or_vacancy_date,occupancy_after_signature,2023-04-01,reported occupancy date follows signature date
-6463367589818088011,occupancy_or_vacancy_date,occupancy_after_signature,2025-10-17,reported occupancy date follows signature date
-6456144196486839062,occupancy_or_vacancy_date,invalid_date,2027/06/15,invalid or outside accepted year range
-6443040384802206196,occupancy_or_vacancy_date,invalid_date,0205/01/01,invalid or outside accepted year range
-6438115543273158261,occupancy_or_vacancy_date,occupancy_after_signature,2025-06-01,reported occupancy date follows signature date
-6425026446848919966,occupancy_or_vacancy_date,occupancy_after_signature,2023-03-16,reported occupancy date follows signature date
-6478874651472112782,occupancy_or_vacancy_date,occupancy_after_signature,2025-01-01,reported occupancy date follows signature date
-6467001321189417156,occupancy_or_vacancy_date,occupancy_after_signature,2025-11-15,reported occupancy date follows signature date
-6421071782748150386,occupancy_or_vacancy_date,occupancy_after_signature,2026-03-01,reported occupancy date follows signature date
-6468564960739959055,occupancy_or_vacancy_date,occupancy_after_signature,2022-07-01,reported occupancy date follows signature date
-6435900549280998706,occupancy_or_vacancy_date,occupancy_after_signature,2024-04-01,reported occupancy date follows signature date
-6423129889549346482,bedroom_count,unparseable_category,1T,retained as raw label
-6393326931525303067,occupancy_or_vacancy_date,occupancy_after_signature,2023-04-01,reported occupancy date follows signature date
-6367455466533371363,occupancy_or_vacancy_date,occupancy_after_signature,2022-12-27,reported occupancy date follows signature date
-6395316575022047606,occupancy_or_vacancy_date,occupancy_after_signature,2023-07-15,reported occupancy date follows signature date
-6355365646667705365,occupancy_or_vacancy_date,occupancy_after_signature,2025-04-15,reported occupancy date follows signature date
-6371851673341287096,occupancy_or_vacancy_date,occupancy_after_signature,2024-05-14,reported occupancy date follows signature date
-6356564990352762587,occupancy_or_vacancy_date,occupancy_after_signature,2026-01-01,reported occupancy date follows signature date
-6341401177458449433,occupancy_or_vacancy_date,occupancy_after_signature,2023-05-01,reported occupancy date follows signature date
-6402512328555076373,occupancy_or_vacancy_date,occupancy_after_signature,2024-02-27,reported occupancy date follows signature date
-6408338258890866249,occupancy_or_vacancy_date,invalid_date,0202/02/01,invalid or outside accepted year range
-6382875003057424972,occupancy_or_vacancy_date,occupancy_after_signature,2026-08-05,reported occupancy date follows signature date
-6340055209285155679,occupancy_or_vacancy_date,occupancy_after_signature,2025-09-01,reported occupancy date follows signature date
-6273905303705892419,occupancy_or_vacancy_date,occupancy_after_signature,2024-11-01,reported occupancy date follows signature date
-6272182869860585060,occupancy_or_vacancy_date,occupancy_after_signature,2026-09-01,reported occupancy date follows signature date
-6316586762066936522,occupancy_or_vacancy_date,occupancy_after_signature,2024-09-24,reported occupancy date follows signature date
-6294283878824674836,occupancy_or_vacancy_date,invalid_date,0285/03/15,invalid or outside accepted year range
-6280599181353666417,occupancy_or_vacancy_date,occupancy_after_signature,2024-05-01,reported occupancy date follows signature date
-6285891109429667110,occupancy_or_vacancy_date,occupancy_after_signature,2024-03-03,reported occupancy date follows signature date
-6324192969729740422,occupancy_or_vacancy_date,occupancy_after_signature,2025-10-26,reported occupancy date follows signature date
-6288409337704746068,occupancy_or_vacancy_date,occupancy_after_signature,2023-03-01,reported occupancy date follows signature date
-6279698379777178346,occupancy_or_vacancy_date,occupancy_after_signature,2023-02-03,reported occupancy date follows signature date
-6337622567896426087,occupancy_or_vacancy_date,occupancy_after_signature,2023-03-15,reported occupancy date follows signature date
-6304576017468273879,occupancy_or_vacancy_date,occupancy_after_signature,2024-09-05,reported occupancy date follows signature date
-6212009019577765502,occupancy_or_vacancy_date,occupancy_after_signature,2022-07-01,reported occupancy date follows signature date
-6200350692423601245,signature_date,invalid_date,0001/01/01,invalid or outside accepted year range
-6236977555118742596,occupancy_or_vacancy_date,invalid_date,2519/04/01,invalid or outside accepted year range
-6229363059948044082,occupancy_or_vacancy_date,occupancy_after_signature,2023-03-15,reported occupancy date follows signature date
-6234363861638794662,occupancy_or_vacancy_date,occupancy_after_signature,2023-03-01,reported occupancy date follows signature date
-6226919787048705589,occupancy_or_vacancy_date,occupancy_after_signature,2022-12-03,reported occupancy date follows signature date
-6217809850134335282,vacancy_date,invalid_date,2027/04/14,invalid or outside accepted year range
-6200249190667558626,signature_date,invalid_date,0001/01/01,invalid or outside accepted year range
-6239850644498939289,occupancy_or_vacancy_date,occupancy_after_signature,2024-03-01,reported occupancy date follows signature date
-6168378788769031128,occupancy_or_vacancy_date,occupancy_after_signature,2023-11-20,reported occupancy date follows signature date
-6191072254841210079,occupancy_or_vacancy_date,occupancy_after_signature,2024-08-12,reported occupancy date follows signature date
-6139538351754809031,occupancy_or_vacancy_date,occupancy_after_signature,2023-10-31,reported occupancy date follows signature date
-6175006581865818988,occupancy_or_vacancy_date,occupancy_after_signature,2026-03-01,reported occupancy date follows signature date
-6144353104992142012,occupancy_or_vacancy_date,occupancy_after_signature,2022-07-14,reported occupancy date follows signature date
-6125979331846046614,occupancy_or_vacancy_date,occupancy_after_signature,2026-08-24,reported occupancy date follows signature date
-6184656586052547994,occupancy_or_vacancy_date,occupancy_after_signature,2023-03-14,reported occupancy date follows signature date
-6130109410687968597,occupancy_or_vacancy_date,occupancy_after_signature,2026-03-08,reported occupancy date follows signature date
-6057908782426826668,occupancy_or_vacancy_date,occupancy_after_signature,2026-01-01,reported occupancy date follows signature date
-6071046604078878842,occupancy_or_vacancy_date,occupancy_after_signature,2022-08-04,reported occupancy date follows signature date
-6109966926571356160,occupancy_or_vacancy_date,occupancy_after_signature,2025-01-24,reported occupancy date follows signature date
-6060965975375309723,occupancy_or_vacancy_date,occupancy_after_signature,2024-07-15,reported occupancy date follows signature date
-6099571433417702076,vacancy_date,invalid_date,0024/02/15,invalid or outside accepted year range
-6086999649592820177,occupancy_or_vacancy_date,occupancy_after_signature,2025-07-31,reported occupancy date follows signature date
-6079692821306425844,occupancy_or_vacancy_date,occupancy_after_signature,2024-11-29,reported occupancy date follows signature date
-6012335124845105967,occupancy_or_vacancy_date,invalid_date,2029/08/10,invalid or outside accepted year range
-6009245504592928846,occupancy_or_vacancy_date,occupancy_after_signature,2025-01-01,reported occupancy date follows signature date
-6005220114879646421,occupancy_or_vacancy_date,occupancy_after_signature,2022-06-30,reported occupancy date follows signature date
-6040179612903039448,occupancy_or_vacancy_date,occupancy_after_signature,2024-02-20,reported occupancy date follows signature date
-6036835353731295380,occupancy_or_vacancy_date,occupancy_after_signature,2023-03-08,reported occupancy date follows signature date
-6034694288299610027,occupancy_or_vacancy_date,invalid_date,2560/02/17,invalid or outside accepted year range
-6031245576979072783,occupancy_or_vacancy_date,occupancy_after_signature,2023-02-11,reported occupancy date follows signature date
-6025119612126297855,occupancy_or_vacancy_date,occupancy_after_signature,2023-02-01,reported occupancy date follows signature date
-5984864909906934286,occupancy_or_vacancy_date,occupancy_after_signature,2024-05-26,reported occupancy date follows signature date
-6044580575352134961,occupancy_or_vacancy_date,occupancy_after_signature,2024-02-03,reported occupancy date follows signature date
-6003942846507888716,occupancy_or_vacancy_date,occupancy_after_signature,2024-11-29,reported occupancy date follows signature date
-5969207856758469268,occupancy_or_vacancy_date,occupancy_after_signature,2024-08-03,reported occupancy date follows signature date
-5961975075891580673,signature_date,invalid_date,0001/01/01,invalid or outside accepted year range
-5968660560028613134,bathroom_count,unparseable_category,1 bedroom,retained as raw label
-5958171975747524844,occupancy_or_vacancy_date,occupancy_after_signature,2022-07-01,reported occupancy date follows signature date
-5934879510393846863,occupancy_or_vacancy_date,occupancy_after_signature,2026-08-27,reported occupancy date follows signature date
-5943127298810063836,occupancy_or_vacancy_date,occupancy_after_signature,2025-12-15,reported occupancy date follows signature date
-5915203175825463406,occupancy_or_vacancy_date,occupancy_after_signature,2022-07-01,reported occupancy date follows signature date
-5850770089707901012,occupancy_or_vacancy_date,occupancy_after_signature,2025-03-01,reported occupancy date follows signature date
-5898045439134847170,occupancy_or_vacancy_date,occupancy_after_signature,2023-03-25,reported occupancy date follows signature date
-5854657967572054303,occupancy_or_vacancy_date,occupancy_after_signature,2024-09-03,reported occupancy date follows signature date
-5865367274480572365,occupancy_or_vacancy_date,occupancy_after_signature,2023-09-02,reported occupancy date follows signature date
-5846719894808384465,occupancy_or_vacancy_date,occupancy_after_signature,2024-03-15,reported occupancy date follows signature date
-5889668086403235539,occupancy_or_vacancy_date,occupancy_after_signature,2022-12-27,reported occupancy date follows signature date
-5888210023287478150,occupancy_or_vacancy_date,occupancy_after_signature,2023-03-01,reported occupancy date follows signature date
-5863511345275466204,occupancy_or_vacancy_date,occupancy_after_signature,2024-02-06,reported occupancy date follows signature date
-5836517830824340587,occupancy_or_vacancy_date,occupancy_after_signature,2026-06-27,reported occupancy date follows signature date
-5790339763724178400,occupancy_or_vacancy_date,occupancy_after_signature,2023-03-11,reported occupancy date follows signature date
-5789833002064012513,vacancy_date,invalid_date,0024/02/10,invalid or outside accepted year range
-5766998559233565258,occupancy_or_vacancy_date,occupancy_after_signature,2023-04-22,reported occupancy date follows signature date
-5817598101386940422,occupancy_or_vacancy_date,occupancy_after_signature,2023-10-15,reported occupancy date follows signature date
-5814630075959959004,signature_date,invalid_date,0001/01/01,invalid or outside accepted year range
-5831943726591982242,occupancy_or_vacancy_date,occupancy_after_signature,2025-04-15,reported occupancy date follows signature date
-5816827312841280009,occupancy_or_vacancy_date,occupancy_after_signature,2022-08-01,reported occupancy date follows signature date
-5816015024952315340,occupancy_or_vacancy_date,occupancy_after_signature,2024-02-01,reported occupancy date follows signature date
-5745675696829301302,occupancy_or_vacancy_date,occupancy_after_signature,2023-03-01,reported occupancy date follows signature date
-5732756812477356902,occupancy_or_vacancy_date,invalid_date,2504/04/17,invalid or outside accepted year range
-5722359915762730351,occupancy_or_vacancy_date,occupancy_after_signature,2026-04-18,reported occupancy date follows signature date
-5760700615701986374,vacancy_date,invalid_date,0024/01/11,invalid or outside accepted year range
-5710403731913528327,occupancy_or_vacancy_date,occupancy_after_signature,2025-07-01,reported occupancy date follows signature date
-5749905969975693606,occupancy_or_vacancy_date,occupancy_after_signature,2026-02-01,reported occupancy date follows signature date
-5753696990482214646,occupancy_or_vacancy_date,occupancy_after_signature,2025-09-15,reported occupancy date follows signature date
-5709294284836218100,occupancy_or_vacancy_date,occupancy_after_signature,2024-10-01,reported occupancy date follows signature date
-5743061545359138579,occupancy_or_vacancy_date,invalid_date,0202/05/16,invalid or outside accepted year range
-5744367161372844961,occupancy_or_vacancy_date,occupancy_after_signature,2022-12-01,reported occupancy date follows signature date
-5731303947229524945,bedroom_count,unparseable_category,2A,retained as raw label
-5728887429419088591,occupancy_or_vacancy_date,occupancy_after_signature,2022-12-27,reported occupancy date follows signature date
-5693244585459009773,occupancy_or_vacancy_date,occupancy_after_signature,2023-12-18,reported occupancy date follows signature date
-5712139209928403597,occupancy_or_vacancy_date,occupancy_after_signature,2024-09-01,reported occupancy date follows signature date
-5670072405222636499,occupancy_or_vacancy_date,occupancy_after_signature,2024-10-01,reported occupancy date follows signature date
-5643734361988760397,occupancy_or_vacancy_date,occupancy_after_signature,2024-07-01,reported occupancy date follows signature date
-5652257527870488404,signature_date,invalid_date,0001/01/01,invalid or outside accepted year range
-5647172048379349626,occupancy_or_vacancy_date,occupancy_after_signature,2023-03-06,reported occupancy date follows signature date
-5635264179877358321,occupancy_or_vacancy_date,occupancy_after_signature,2023-03-27,reported occupancy date follows signature date
-5664525617955531338,occupancy_or_vacancy_date,occupancy_after_signature,2025-11-03,reported occupancy date follows signature date
-5616454250146723240,occupancy_or_vacancy_date,occupancy_after_signature,2023-03-19,reported occupancy date follows signature date
-5685464127641428385,occupancy_or_vacancy_date,invalid_date,2176/01/06,invalid or outside accepted year range
-5683026525720291617,occupancy_or_vacancy_date,invalid_date,0002/12/16,invalid or outside accepted year range
-5676829941051312226,occupancy_or_vacancy_date,occupancy_after_signature,2026-02-22,reported occupancy date follows signature date
-5672068962782213597,occupancy_or_vacancy_date,occupancy_after_signature,2023-03-01,reported occupancy date follows signature date
-5544169659449006854,vacancy_date,invalid_date,0023/12/18,invalid or outside accepted year range
-5550894646603484952,occupancy_or_vacancy_date,occupancy_after_signature,2023-08-05,reported occupancy date follows signature date
-5609643282074839679,occupancy_or_vacancy_date,occupancy_after_signature,2025-06-01,reported occupancy date follows signature date
-5606050842008090009,occupancy_or_vacancy_date,occupancy_after_signature,2025-10-10,reported occupancy date follows signature date
-5570464705690961924,occupancy_or_vacancy_date,occupancy_after_signature,2025-01-25,reported occupancy date follows signature date
-5543700201848983736,occupancy_or_vacancy_date,occupancy_after_signature,2023-04-03,reported occupancy date follows signature date
-5541598086130361891,occupancy_or_vacancy_date,occupancy_after_signature,2026-07-01,reported occupancy date follows signature date
-5552144389020823082,occupancy_or_vacancy_date,occupancy_after_signature,2023-06-01,reported occupancy date follows signature date
-5542034535185108887,occupancy_or_vacancy_date,occupancy_after_signature,2024-02-04,reported occupancy date follows signature date
-5555848992221872636,occupancy_or_vacancy_date,occupancy_after_signature,2024-03-16,reported occupancy date follows signature date
-5599041371206526863,occupancy_or_vacancy_date,occupancy_after_signature,2026-02-21,reported occupancy date follows signature date
-5527926043046572434,occupancy_or_vacancy_date,occupancy_after_signature,2024-11-27,reported occupancy date follows signature date
-5505746238814678818,occupancy_or_vacancy_date,occupancy_after_signature,2025-03-01,reported occupancy date follows signature date
-5485618692107236242,occupancy_or_vacancy_date,occupancy_after_signature,2024-04-19,reported occupancy date follows signature date
-5481788136109338527,occupancy_or_vacancy_date,occupancy_after_signature,2024-02-01,reported occupancy date follows signature date
-5485823617097083016,occupancy_or_vacancy_date,occupancy_after_signature,2024-08-01,reported occupancy date follows signature date
-5475463655141060683,occupancy_or_vacancy_date,occupancy_after_signature,2023-03-21,reported occupancy date follows signature date
-5533252295739858531,occupancy_or_vacancy_date,occupancy_after_signature,2024-07-01,reported occupancy date follows signature date
-5530033481807911177,occupancy_or_vacancy_date,occupancy_after_signature,2024-02-15,reported occupancy date follows signature date
-5498675302727554176,occupancy_or_vacancy_date,occupancy_after_signature,2025-08-01,reported occupancy date follows signature date
-5480397975671665223,occupancy_or_vacancy_date,occupancy_after_signature,2025-06-13,reported occupancy date follows signature date
-5506470226897742632,bathroom_count,unparseable_category,1 bedroom,retained as raw label
-5527907194060095378,occupancy_or_vacancy_date,occupancy_after_signature,2024-03-15,reported occupancy date follows signature date
-5502277706706778969,occupancy_or_vacancy_date,occupancy_after_signature,2024-11-01,reported occupancy date follows signature date
-5400041657013055816,bedroom_count,unparseable_category,1A,retained as raw label
-5394437752085946384,occupancy_or_vacancy_date,occupancy_after_signature,2025-03-09,reported occupancy date follows signature date
-5465051964162877105,occupancy_or_vacancy_date,occupancy_after_signature,2025-10-01,reported occupancy date follows signature date
-5423035277769023306,occupancy_or_vacancy_date,occupancy_after_signature,2024-04-13,reported occupancy date follows signature date
-5465435151929944667,occupancy_or_vacancy_date,occupancy_after_signature,2025-12-01,reported occupancy date follows signature date
-5401677955446745238,occupancy_or_vacancy_date,occupancy_after_signature,2024-10-25,reported occupancy date follows signature date
-5401712148432715204,occupancy_or_vacancy_date,occupancy_after_signature,2023-04-01,reported occupancy date follows signature date
-5460756310402167905,occupancy_or_vacancy_date,occupancy_after_signature,2023-02-15,reported occupancy date follows signature date
-5449523524915264181,occupancy_or_vacancy_date,occupancy_after_signature,2026-01-15,reported occupancy date follows signature date
-5426095745065636604,occupancy_or_vacancy_date,occupancy_after_signature,2023-08-22,reported occupancy date follows signature date
-5463892836476997624,occupancy_or_vacancy_date,occupancy_after_signature,2024-06-23,reported occupancy date follows signature date
-5436056450231502074,occupancy_or_vacancy_date,occupancy_after_signature,2024-02-15,reported occupancy date follows signature date
-5432131853306851461,occupancy_or_vacancy_date,occupancy_after_signature,2026-02-19,reported occupancy date follows signature date
-5360843959935806503,occupancy_or_vacancy_date,occupancy_after_signature,2022-07-01,reported occupancy date follows signature date
-5376028337011337575,occupancy_or_vacancy_date,occupancy_after_signature,2025-02-08,reported occupancy date follows signature date
-5338245451008380969,occupancy_or_vacancy_date,occupancy_after_signature,2024-01-19,reported occupancy date follows signature date
-5352208294931569690,occupancy_or_vacancy_date,occupancy_after_signature,2022-09-06,reported occupancy date follows signature date
-5371726561174245976,occupancy_or_vacancy_date,invalid_date,0124/02/01,invalid or outside accepted year range
-5328276375299441190,occupancy_or_vacancy_date,occupancy_after_signature,2025-05-07,reported occupancy date follows signature date
-5382088888137099392,occupancy_or_vacancy_date,occupancy_after_signature,2025-06-28,reported occupancy date follows signature date
-5383643189842134488,occupancy_or_vacancy_date,occupancy_after_signature,2023-08-04,reported occupancy date follows signature date
-5310276803288783361,occupancy_or_vacancy_date,occupancy_after_signature,2023-11-01,reported occupancy date follows signature date
-5272541304957965687,vacancy_date,invalid_date,0023/12/16,invalid or outside accepted year range
-5308625807629988948,occupancy_or_vacancy_date,occupancy_after_signature,2023-05-18,reported occupancy date follows signature date
-5286957969005226587,occupancy_or_vacancy_date,occupancy_after_signature,2026-01-15,reported occupancy date follows signature date
-5298992530552008868,occupancy_or_vacancy_date,occupancy_after_signature,2024-02-10,reported occupancy date follows signature date
-5255078844809828268,occupancy_or_vacancy_date,occupancy_after_signature,2022-06-30,reported occupancy date follows signature date
-5253119678547755062,occupancy_or_vacancy_date,occupancy_after_signature,2026-07-02,reported occupancy date follows signature date
-5267147254075688384,occupancy_or_vacancy_date,occupancy_after_signature,2022-06-25,reported occupancy date follows signature date
-5228839768093692024,occupancy_or_vacancy_date,occupancy_after_signature,2024-03-08,reported occupancy date follows signature date
-5207095428832097260,occupancy_or_vacancy_date,occupancy_after_signature,2024-02-28,reported occupancy date follows signature date
-5201820380029551973,occupancy_or_vacancy_date,occupancy_after_signature,2022-12-27,reported occupancy date follows signature date
-5176183458329375153,occupancy_or_vacancy_date,occupancy_after_signature,2024-08-31,reported occupancy date follows signature date
-5231656749377249664,occupancy_or_vacancy_date,invalid_date,0221/08/06,invalid or outside accepted year range
-5207167348429598791,occupancy_or_vacancy_date,occupancy_after_signature,2025-02-28,reported occupancy date follows signature date
-5210609980961644786,occupancy_or_vacancy_date,occupancy_after_signature,2024-11-01,reported occupancy date follows signature date
-5192365163061887301,occupancy_or_vacancy_date,occupancy_after_signature,2022-07-01,reported occupancy date follows signature date
-5193027318555615605,occupancy_or_vacancy_date,occupancy_after_signature,2023-03-15,reported occupancy date follows signature date
-5126635504375719405,occupancy_or_vacancy_date,occupancy_after_signature,2025-09-08,reported occupancy date follows signature date
-5135521489280717600,occupancy_or_vacancy_date,occupancy_after_signature,2023-07-31,reported occupancy date follows signature date
-5126886382188106849,occupancy_or_vacancy_date,occupancy_after_signature,2023-11-01,reported occupancy date follows signature date
-5124467435153432720,occupancy_or_vacancy_date,occupancy_after_signature,2024-08-19,reported occupancy date follows signature date
-5118346411349025629,occupancy_or_vacancy_date,occupancy_after_signature,2023-03-15,reported occupancy date follows signature date
-5122976976452180966,bathroom_count,unparseable_category,1bathroom,retained as raw label
-5119095014391800986,occupancy_or_vacancy_date,occupancy_after_signature,2024-02-29,reported occupancy date follows signature date
-5136955452137216608,occupancy_or_vacancy_date,occupancy_after_signature,2023-03-01,reported occupancy date follows signature date
-5136681841220412643,occupancy_or_vacancy_date,occupancy_after_signature,2024-02-10,reported occupancy date follows signature date
-5131292000781758809,occupancy_or_vacancy_date,occupancy_after_signature,2025-06-07,reported occupancy date follows signature date
-5031525835754260436,occupancy_or_vacancy_date,occupancy_after_signature,2023-10-05,reported occupancy date follows signature date
-5060576023779172126,occupancy_or_vacancy_date,occupancy_after_signature,2026-05-09,reported occupancy date follows signature date
-5050896442522619517,occupancy_or_vacancy_date,occupancy_after_signature,2024-03-01,reported occupancy date follows signature date
-5055536506915324267,occupancy_or_vacancy_date,occupancy_after_signature,2025-12-19,reported occupancy date follows signature date
-5056485281448324395,occupancy_or_vacancy_date,invalid_date,2476/11/23,invalid or outside accepted year range
-5047824723698347715,occupancy_or_vacancy_date,occupancy_after_signature,2023-08-15,reported occupancy date follows signature date
-5066811472683092399,occupancy_or_vacancy_date,occupancy_after_signature,2024-02-13,reported occupancy date follows signature date
-4996851944047648047,occupancy_or_vacancy_date,occupancy_after_signature,2024-05-01,reported occupancy date follows signature date
-4990467520311005823,occupancy_or_vacancy_date,occupancy_after_signature,2025-02-01,reported occupancy date follows signature date
-4963015096641857728,occupancy_or_vacancy_date,occupancy_after_signature,2026-06-13,reported occupancy date follows signature date
-4962131791698288804,occupancy_or_vacancy_date,occupancy_after_signature,2023-03-01,reported occupancy date follows signature date
-5013982735129913565,occupancy_or_vacancy_date,occupancy_after_signature,2023-11-07,reported occupancy date follows signature date
-4989326420660238590,occupancy_or_vacancy_date,occupancy_after_signature,2023-04-01,reported occupancy date follows signature date
-5000827364480584909,occupancy_or_vacancy_date,occupancy_after_signature,2023-03-01,reported occupancy date follows signature date
-4978034447797814136,occupancy_or_vacancy_date,occupancy_after_signature,2025-08-07,reported occupancy date follows signature date
-5006215525963405968,occupancy_or_vacancy_date,occupancy_after_signature,2023-03-01,reported occupancy date follows signature date
-5000742708904556922,occupancy_or_vacancy_date,invalid_date,2558/09/27,invalid or outside accepted year range
-4993661396644055793,bathroom_count,unparseable_category,2 batroom,retained as raw label
-4976726944928591470,occupancy_or_vacancy_date,occupancy_after_signature,2024-10-08,reported occupancy date follows signature date
-4908442062531289407,occupancy_or_vacancy_date,occupancy_after_signature,2023-02-24,reported occupancy date follows signature date
-4896517270173047510,occupancy_or_vacancy_date,occupancy_after_signature,2023-11-15,reported occupancy date follows signature date
-4950718980832103355,occupancy_or_vacancy_date,occupancy_after_signature,2026-09-01,reported occupancy date follows signature date
-4846433821808248467,occupancy_or_vacancy_date,occupancy_after_signature,2026-02-27,reported occupancy date follows signature date
-4881288462876233250,occupancy_or_vacancy_date,invalid_date,0202/09/01,invalid or outside accepted year range
-4827072699980935209,occupancy_or_vacancy_date,occupancy_after_signature,2023-09-07,reported occupancy date follows signature date
-4822351917313130142,occupancy_or_vacancy_date,occupancy_after_signature,2024-10-01,reported occupancy date follows signature date
-4877332433450942461,occupancy_or_vacancy_date,occupancy_after_signature,2023-02-18,reported occupancy date follows signature date
-4822576712597126258,occupancy_or_vacancy_date,occupancy_after_signature,2024-09-01,reported occupancy date follows signature date
-4863285152184291405,occupancy_or_vacancy_date,occupancy_after_signature,2024-05-25,reported occupancy date follows signature date
-4853133562401409390,occupancy_or_vacancy_date,occupancy_after_signature,2023-06-24,reported occupancy date follows signature date
-4823962291288377791,occupancy_or_vacancy_date,occupancy_after_signature,2022-07-15,reported occupancy date follows signature date
-4764574040904329599,occupancy_or_vacancy_date,occupancy_after_signature,2024-08-10,reported occupancy date follows signature date
-4794122072368162225,occupancy_or_vacancy_date,occupancy_after_signature,2025-08-01,reported occupancy date follows signature date
-4779970030824081285,occupancy_or_vacancy_date,occupancy_after_signature,2023-03-03,reported occupancy date follows signature date
-4776828439440526331,occupancy_or_vacancy_date,occupancy_after_signature,2025-04-01,reported occupancy date follows signature date
-4800909506712051351,occupancy_or_vacancy_date,occupancy_after_signature,2022-06-30,reported occupancy date follows signature date
-4793034129141671522,occupancy_or_vacancy_date,occupancy_after_signature,2025-03-06,reported occupancy date follows signature date
-4809616774941229194,signature_date,invalid_date,0001/01/01,invalid or outside accepted year range
-4686029775798095590,occupancy_or_vacancy_date,occupancy_after_signature,2023-03-01,reported occupancy date follows signature date
-4671410415359712226,bathroom_count,unparseable_category,2 bedroom,retained as raw label
-4674775256519523322,occupancy_or_vacancy_date,occupancy_after_signature,2025-05-30,reported occupancy date follows signature date
-4739105764625741120,signature_date,invalid_date,0001/01/01,invalid or outside accepted year range
-4715358196758598151,vacancy_date,invalid_date,0026/02/11,invalid or outside accepted year range
-4690879067460443188,occupancy_or_vacancy_date,occupancy_after_signature,2025-04-15,reported occupancy date follows signature date
-4707781635355897782,occupancy_or_vacancy_date,occupancy_after_signature,2025-03-28,reported occupancy date follows signature date
-4699858323423286851,occupancy_or_vacancy_date,occupancy_after_signature,2024-09-01,reported occupancy date follows signature date
-4688889522833537706,occupancy_or_vacancy_date,invalid_date,5020/12/01,invalid or outside accepted year range
-4668702083583733179,occupancy_or_vacancy_date,occupancy_after_signature,2023-03-01,reported occupancy date follows signature date
-4673750521222996569,occupancy_or_vacancy_date,occupancy_after_signature,2026-01-26,reported occupancy date follows signature date
-4628153713298690870,signature_date,invalid_date,0001/01/01,invalid or outside accepted year range
-4599302946782282150,occupancy_or_vacancy_date,occupancy_after_signature,2024-03-02,reported occupancy date follows signature date
-4634265333013207410,signature_date,invalid_date,0001/01/01,invalid or outside accepted year range
-4594291638313328862,occupancy_or_vacancy_date,occupancy_after_signature,2024-12-29,reported occupancy date follows signature date
-4598455244445588531,occupancy_or_vacancy_date,occupancy_after_signature,2024-06-01,reported occupancy date follows signature date
-4614858377023662200,occupancy_or_vacancy_date,occupancy_after_signature,2025-01-01,reported occupancy date follows signature date
-4549670968789368496,occupancy_or_vacancy_date,occupancy_after_signature,2024-11-04,reported occupancy date follows signature date
-4548578486830220837,occupancy_or_vacancy_date,occupancy_after_signature,2024-02-01,reported occupancy date follows signature date
-4531972732691066588,occupancy_or_vacancy_date,occupancy_after_signature,2024-03-08,reported occupancy date follows signature date
-4584716894153535043,occupancy_or_vacancy_date,occupancy_after_signature,2024-05-01,reported occupancy date follows signature date
-4575109016993624551,occupancy_or_vacancy_date,occupancy_after_signature,2023-03-01,reported occupancy date follows signature date
-4570656074184514643,occupancy_or_vacancy_date,occupancy_after_signature,2023-01-14,reported occupancy date follows signature date
-4569138097572609409,occupancy_or_vacancy_date,occupancy_after_signature,2022-12-05,reported occupancy date follows signature date
-4567201109902708581,occupancy_or_vacancy_date,occupancy_after_signature,2026-02-01,reported occupancy date follows signature date
-4545263997396425134,occupancy_or_vacancy_date,occupancy_after_signature,2022-12-27,reported occupancy date follows signature date
-4555801714917462038,occupancy_or_vacancy_date,occupancy_after_signature,2023-07-07,reported occupancy date follows signature date
-4579104468520424552,occupancy_or_vacancy_date,occupancy_after_signature,2025-06-28,reported occupancy date follows signature date
-4569925127394442235,bedroom_count,unparseable_category,2S,retained as raw label
-4584084439059464244,occupancy_or_vacancy_date,invalid_date,2028/07/14,invalid or outside accepted year range
-4563794720530332420,occupancy_or_vacancy_date,occupancy_after_signature,2026-07-01,reported occupancy date follows signature date
-4558953043049871506,occupancy_or_vacancy_date,occupancy_after_signature,2024-01-06,reported occupancy date follows signature date
-4545541989191786756,occupancy_or_vacancy_date,occupancy_after_signature,2024-02-01,reported occupancy date follows signature date
-4533586688246838632,occupancy_or_vacancy_date,occupancy_after_signature,2025-10-01,reported occupancy date follows signature date
-4521197697324291165,occupancy_or_vacancy_date,occupancy_after_signature,2022-07-01,reported occupancy date follows signature date
-4478837594733543895,occupancy_or_vacancy_date,occupancy_after_signature,2026-02-01,reported occupancy date follows signature date
-4464626396427724377,occupancy_or_vacancy_date,occupancy_after_signature,2025-12-13,reported occupancy date follows signature date
-4515418914776498116,occupancy_or_vacancy_date,occupancy_after_signature,2023-03-01,reported occupancy date follows signature date
-4473446270790784676,occupancy_or_vacancy_date,invalid_date,0201/10/01,invalid or outside accepted year range
-4469038100297171294,occupancy_or_vacancy_date,invalid_date,0021/12/12,invalid or outside accepted year range
-4464357804116364315,occupancy_or_vacancy_date,occupancy_after_signature,2023-03-19,reported occupancy date follows signature date
-4459399341663427743,occupancy_or_vacancy_date,occupancy_after_signature,2022-11-01,reported occupancy date follows signature date
-4514194990849995769,occupancy_or_vacancy_date,invalid_date,0202/04/01,invalid or outside accepted year range
-4472119071218571747,occupancy_or_vacancy_date,occupancy_after_signature,2022-12-01,reported occupancy date follows signature date
-4484287465334293665,occupancy_or_vacancy_date,occupancy_after_signature,2023-07-05,reported occupancy date follows signature date
-4477129169317418933,occupancy_or_vacancy_date,occupancy_after_signature,2025-02-22,reported occupancy date follows signature date
-4456834747596479079,occupancy_or_vacancy_date,invalid_date,2477/06/17,invalid or outside accepted year range
-4447219587395417288,occupancy_or_vacancy_date,occupancy_after_signature,2022-06-30,reported occupancy date follows signature date
-4445795740642214665,occupancy_or_vacancy_date,occupancy_after_signature,2025-08-01,reported occupancy date follows signature date
-4438875580451913590,occupancy_or_vacancy_date,occupancy_after_signature,2024-05-18,reported occupancy date follows signature date
